{
  "type": "FeatureCollection",
  "features": [
    {
      "type": "Feature",
      "geometry": {
        "type": "LineString",
        "coordinates": [
          [
            2.789240304484615,
            -14.283164437891616
          ],
          [
            367.00151439158236,
            0.08105460588524949
          ]
        ]
      },
      "properties": {
        "type": "main_road"
      }
    },
    {
      "type": "Feature",
      "geometry": {
        "type": "LineString",
        "coordinates": [
          [
            367.00151439158236,
            0.08105460588524949
          ],
          [
            753.7829389017852,
            -11.79812820098745
          ]
        ]
      },
      "properties": {
        "type": "main_road"
      }
    },
    {
      "type": "Feature",
      "geometry": {
        "type": "LineString",
        "coordinates": [
          [
            753.7829389017852,
            -11.79812820098745
          ],
          [
            1169.7974324223844,
            -2.4685954608157417
          ]
        ]
      },
      "properties": {
        "type": "main_road"
      }
    },
    {
      "type": "Feature",
      "geometry": {
        "type": "LineString",
        "coordinates": [
          [
            1169.7974324223844,
            -2.4685954608157417
          ],
          [
            1474.6386600770782,
            -7.802353963108988
          ]
        ]
      },
      "properties": {
        "type": "main_road"
      }
    },
    {
      "type": "Feature",
      "geometry": {
        "type": "LineString",
        "coordinates": [
          [
            1474.6386600770782,
            -7.802353963108988
          ],
          [
            1889.4944684981679,
            21.13727617090239
          ]
        ]
      },
      "properties": {
        "type": "main_road"
      }
    },
    {
      "type": "Feature",
      "geometry": {
        "type": "LineString",
        "coordinates": [
          [
            1889.4944684981679,
            21.13727617090239
          ],
          [
            2107.8178113520385,
            -9.208198713725634
          ]
        ]
      },
      "properties": {
        "type": "main_road"
      }
    },
    {
      "type": "Feature",
      "geometry": {
        "type": "LineString",
        "coordinates": [
          [
            2107.8178113520385,
            -9.208198713725634
          ],
          [
            2438.8448074738103,
            -2.5074936702754442
          ]
        ]
      },
      "properties": {
        "type": "main_road"
      }
    },
    {
      "type": "Feature",
      "geometry": {
        "type": "LineString",
        "coordinates": [
          [
            2438.8448074738103,
            -2.5074936702754442
          ],
          [
            2703.2875966522656,
            16.424451797557637
          ]
        ]
      },
      "properties": {
        "type": "main_road"
      }
    },
    {
      "type": "Feature",
      "geometry": {
        "type": "LineString",
        "coordinates": [
          [
            2703.2875966522656,
            16.424451797557637
          ],
          [
            3102.2329799181134,
            -1.132582891433227
          ]
        ]
      },
      "properties": {
        "type": "main_road"
      }
    },
    {
      "type": "Feature",
      "geometry": {
        "type": "LineString",
        "coordinates": [
          [
            1889.4944684981679,
            21.13727617090239
          ],
          [
            2107.8178113520385,
            -9.208198713725634
          ]
        ]
      },
      "properties": {
        "type": "road"
      }
    },
    {
      "type": "Feature",
      "geometry": {
        "type": "LineString",
        "coordinates": [
          [
            1889.4944684981679,
            21.13727617090239
          ],
          [
            1866.663192835993,
            -205.25898987673781
          ]
        ]
      },
      "properties": {
        "type": "road"
      }
    },
    {
      "type": "Feature",
      "geometry": {
        "type": "LineString",
        "coordinates": [
          [
            2107.8178113520385,
            -9.208198713725634
          ],
          [
            2438.8448074738103,
            -2.5074936702754442
          ]
        ]
      },
      "properties": {
        "type": "road"
      }
    },
    {
      "type": "Feature",
      "geometry": {
        "type": "LineString",
        "coordinates": [
          [
            2107.8178113520385,
            -9.208198713725634
          ],
          [
            2119.1415190428997,
            -282.3831534121187
          ]
        ]
      },
      "properties": {
        "type": "road"
      }
    },
    {
      "type": "Feature",
      "geometry": {
        "type": "LineString",
        "coordinates": [
          [
            2438.8448074738103,
            -2.5074936702754442
          ],
          [
            2703.2875966522656,
            16.424451797557637
          ]
        ]
      },
      "properties": {
        "type": "road"
      }
    },
    {
      "type": "Feature",
      "geometry": {
        "type": "LineString",
        "coordinates": [
          [
            2438.8448074738103,
            -2.5074936702754442
          ],
          [
            2419.1415190428997,
            -229.29523008202267
          ]
        ]
      },
      "properties": {
        "type": "road"
      }
    },
    {
      "type": "Feature",
      "geometry": {
        "type": "LineString",
        "coordinates": [
          [
            2703.2875966522656,
            16.424451797557637
          ],
          [
            2715.810844229378,
            -197.97273834272636
          ]
        ]
      },
      "properties": {
        "type": "road"
      }
    },
    {
      "type": "Feature",
      "geometry": {
        "type": "LineString",
        "coordinates": [
          [
            1866.663192835993,
            -205.25898987673781
          ],
          [
            2119.1415190428997,
            -282.3831534121187
          ]
        ]
      },
      "properties": {
        "type": "road"
      }
    },
    {
      "type": "Feature",
      "geometry": {
        "type": "LineString",
        "coordinates": [
          [
            1866.663192835993,
            -205.25898987673781
          ],
          [
            1845.2541547203725,
            -470.4607496809397
          ]
        ]
      },
      "properties": {
        "type": "road"
      }
    },
    {
      "type": "Feature",
      "geometry": {
        "type": "LineString",
        "coordinates": [
          [
            2119.1415190428997,
            -282.3831534121187
          ],
          [
            2419.1415190428997,
            -229.29523008202267
          ]
        ]
      },
      "properties": {
        "type": "road"
      }
    },
    {
      "type": "Feature",
      "geometry": {
        "type": "LineString",
        "coordinates": [
          [
            2119.1415190428997,
            -282.3831534121187
          ],
          [
            2096.777007465101,
            -502.92945648148253
          ]
        ]
      },
      "properties": {
        "type": "road"
      }
    },
    {
      "type": "Feature",
      "geometry": {
        "type": "LineString",
        "coordinates": [
          [
            2419.1415190428997,
            -229.29523008202267
          ],
          [
            2715.810844229378,
            -197.97273834272636
          ]
        ]
      },
      "properties": {
        "type": "road"
      }
    },
    {
      "type": "Feature",
      "geometry": {
        "type": "LineString",
        "coordinates": [
          [
            2419.1415190428997,
            -229.29523008202267
          ],
          [
            2396.777007465101,
            -436.5665193502569
          ]
        ]
      },
      "properties": {
        "type": "road"
      }
    },
    {
      "type": "Feature",
      "geometry": {
        "type": "LineString",
        "coordinates": [
          [
            2715.810844229378,
            -197.97273834272636
          ],
          [
            2696.777007465101,
            -480.3082947878102
          ]
        ]
      },
      "properties": {
        "type": "road"
      }
    },
    {
      "type": "Feature",
      "geometry": {
        "type": "LineString",
        "coordinates": [
          [
            1845.2541547203725,
            -470.4607496809397
          ],
          [
            2096.777007465101,
            -502.92945648148253
          ]
        ]
      },
      "properties": {
        "type": "road"
      }
    },
    {
      "type": "Feature",
      "geometry": {
        "type": "LineString",
        "coordinates": [
          [
            2096.777007465101,
            -502.92945648148253
          ],
          [
            2396.777007465101,
            -436.5665193502569
          ]
        ]
      },
      "properties": {
        "type": "road"
      }
    },
    {
      "type": "Feature",
      "geometry": {
        "type": "LineString",
        "coordinates": [
          [
            2396.777007465101,
            -436.5665193502569
          ],
          [
            2696.777007465101,
            -480.3082947878102
          ]
        ]
      },
      "properties": {
        "type": "road"
      }
    },
    {
      "type": "Feature",
      "geometry": {
        "type": "LineString",
        "coordinates": [
          [
            1100.2541547203725,
            -535.4607496809397
          ],
          [
            1165.2541547203725,
            -475.46074968093967
          ]
        ]
      },
      "properties": {
        "type": "road"
      }
    },
    {
      "type": "Feature",
      "geometry": {
        "type": "LineString",
        "coordinates": [
          [
            1100.2541547203725,
            -535.4607496809397
          ],
          [
            1107.1124837521875,
            -712.3396938641763
          ]
        ]
      },
      "properties": {
        "type": "road"
      }
    },
    {
      "type": "Feature",
      "geometry": {
        "type": "LineString",
        "coordinates": [
          [
            1165.2541547203725,
            -475.46074968093967
          ],
          [
            1445.2541547203725,
            -535.4607496809397
          ]
        ]
      },
      "properties": {
        "type": "road"
      }
    },
    {
      "type": "Feature",
      "geometry": {
        "type": "LineString",
        "coordinates": [
          [
            1165.2541547203725,
            -475.46074968093967
          ],
          [
            1307.1124837521875,
            -714.3994680764982
          ]
        ]
      },
      "properties": {
        "type": "road"
      }
    },
    {
      "type": "Feature",
      "geometry": {
        "type": "LineString",
        "coordinates": [
          [
            1445.2541547203725,
            -535.4607496809397
          ],
          [
            1845.2541547203725,
            -470.4607496809397
          ]
        ]
      },
      "properties": {
        "type": "road"
      }
    },
    {
      "type": "Feature",
      "geometry": {
        "type": "LineString",
        "coordinates": [
          [
            1445.2541547203725,
            -535.4607496809397
          ],
          [
            1507.1124837521875,
            -792.7422407280984
          ]
        ]
      },
      "properties": {
        "type": "road"
      }
    },
    {
      "type": "Feature",
      "geometry": {
        "type": "LineString",
        "coordinates": [
          [
            1845.2541547203725,
            -470.4607496809397
          ],
          [
            1807.1124837521875,
            -679.9240393163428
          ]
        ]
      },
      "properties": {
        "type": "road"
      }
    },
    {
      "type": "Feature",
      "geometry": {
        "type": "LineString",
        "coordinates": [
          [
            1107.1124837521875,
            -712.3396938641763
          ],
          [
            1307.1124837521875,
            -714.3994680764982
          ]
        ]
      },
      "properties": {
        "type": "road"
      }
    },
    {
      "type": "Feature",
      "geometry": {
        "type": "LineString",
        "coordinates": [
          [
            1107.1124837521875,
            -712.3396938641763
          ],
          [
            1083.7805020878477,
            -973.5728044326806
          ]
        ]
      },
      "properties": {
        "type": "road"
      }
    },
    {
      "type": "Feature",
      "geometry": {
        "type": "LineString",
        "coordinates": [
          [
            1307.1124837521875,
            -714.3994680764982
          ],
          [
            1507.1124837521875,
            -792.7422407280984
          ]
        ]
      },
      "properties": {
        "type": "road"
      }
    },
    {
      "type": "Feature",
      "geometry": {
        "type": "LineString",
        "coordinates": [
          [
            1307.1124837521875,
            -714.3994680764982
          ],
          [
            1320.3022361402745,
            -994.5643901794311
          ]
        ]
      },
      "properties": {
        "type": "road"
      }
    },
    {
      "type": "Feature",
      "geometry": {
        "type": "LineString",
        "coordinates": [
          [
            1507.1124837521875,
            -792.7422407280984
          ],
          [
            1807.1124837521875,
            -679.9240393163428
          ]
        ]
      },
      "properties": {
        "type": "road"
      }
    },
    {
      "type": "Feature",
      "geometry": {
        "type": "LineString",
        "coordinates": [
          [
            1507.1124837521875,
            -792.7422407280984
          ],
          [
            1526.8956715370514,
            -1026.6367611344558
          ]
        ]
      },
      "properties": {
        "type": "road"
      }
    },
    {
      "type": "Feature",
      "geometry": {
        "type": "LineString",
        "coordinates": [
          [
            1807.1124837521875,
            -679.9240393163428
          ],
          [
            1794.831575283315,
            -890.2981151220933
          ]
        ]
      },
      "properties": {
        "type": "road"
      }
    },
    {
      "type": "Feature",
      "geometry": {
        "type": "LineString",
        "coordinates": [
          [
            1083.7805020878477,
            -973.5728044326806
          ],
          [
            1320.3022361402745,
            -994.5643901794311
          ]
        ]
      },
      "properties": {
        "type": "road"
      }
    },
    {
      "type": "Feature",
      "geometry": {
        "type": "LineString",
        "coordinates": [
          [
            1320.3022361402745,
            -994.5643901794311
          ],
          [
            1526.8956715370514,
            -1026.6367611344558
          ]
        ]
      },
      "properties": {
        "type": "road"
      }
    },
    {
      "type": "Feature",
      "geometry": {
        "type": "LineString",
        "coordinates": [
          [
            1526.8956715370514,
            -1026.6367611344558
          ],
          [
            1794.831575283315,
            -890.2981151220933
          ]
        ]
      },
      "properties": {
        "type": "road"
      }
    },
    {
      "type": "Feature",
      "geometry": {
        "type": "LineString",
        "coordinates": [
          [
            1845.2541547203725,
            -470.4607496809397
          ],
          [
            2096.777007465101,
            -502.92945648148253
          ]
        ]
      },
      "properties": {
        "type": "road"
      }
    },
    {
      "type": "Feature",
      "geometry": {
        "type": "LineString",
        "coordinates": [
          [
            1845.2541547203725,
            -470.4607496809397
          ],
          [
            1807.1124837521875,
            -679.9240393163428
          ]
        ]
      },
      "properties": {
        "type": "road"
      }
    },
    {
      "type": "Feature",
      "geometry": {
        "type": "LineString",
        "coordinates": [
          [
            2096.777007465101,
            -502.92945648148253
          ],
          [
            2396.777007465101,
            -436.5665193502569
          ]
        ]
      },
      "properties": {
        "type": "road"
      }
    },
    {
      "type": "Feature",
      "geometry": {
        "type": "LineString",
        "coordinates": [
          [
            2096.777007465101,
            -502.92945648148253
          ],
          [
            2078.5267755224086,
            -678.6790801552439
          ]
        ]
      },
      "properties": {
        "type": "road"
      }
    },
    {
      "type": "Feature",
      "geometry": {
        "type": "LineString",
        "coordinates": [
          [
            2396.777007465101,
            -436.5665193502569
          ],
          [
            2696.777007465101,
            -480.3082947878102
          ]
        ]
      },
      "properties": {
        "type": "road"
      }
    },
    {
      "type": "Feature",
      "geometry": {
        "type": "LineString",
        "coordinates": [
          [
            2396.777007465101,
            -436.5665193502569
          ],
          [
            2333.5437508333416,
            -701.6746309016042
          ]
        ]
      },
      "properties": {
        "type": "road"
      }
    },
    {
      "type": "Feature",
      "geometry": {
        "type": "LineString",
        "coordinates": [
          [
            2696.777007465101,
            -480.3082947878102
          ],
          [
            2606.4001452321827,
            -706.2677099761298
          ]
        ]
      },
      "properties": {
        "type": "road"
      }
    },
    {
      "type": "Feature",
      "geometry": {
        "type": "LineString",
        "coordinates": [
          [
            1807.1124837521875,
            -679.9240393163428
          ],
          [
            2078.5267755224086,
            -678.6790801552439
          ]
        ]
      },
      "properties": {
        "type": "road"
      }
    },
    {
      "type": "Feature",
      "geometry": {
        "type": "LineString",
        "coordinates": [
          [
            1807.1124837521875,
            -679.9240393163428
          ],
          [
            1794.831575283315,
            -890.2981151220933
          ]
        ]
      },
      "properties": {
        "type": "road"
      }
    },
    {
      "type": "Feature",
      "geometry": {
        "type": "LineString",
        "coordinates": [
          [
            2078.5267755224086,
            -678.6790801552439
          ],
          [
            2333.5437508333416,
            -701.6746309016042
          ]
        ]
      },
      "properties": {
        "type": "road"
      }
    },
    {
      "type": "Feature",
      "geometry": {
        "type": "LineString",
        "coordinates": [
          [
            2078.5267755224086,
            -678.6790801552439
          ],
          [
            1999.642316036818,
            -883.1095848373325
          ]
        ]
      },
      "properties": {
        "type": "road"
      }
    },
    {
      "type": "Feature",
      "geometry": {
        "type": "LineString",
        "coordinates": [
          [
            2333.5437508333416,
            -701.6746309016042
          ],
          [
            2606.4001452321827,
            -706.2677099761298
          ]
        ]
      },
      "properties": {
        "type": "road"
      }
    },
    {
      "type": "Feature",
      "geometry": {
        "type": "LineString",
        "coordinates": [
          [
            2333.5437508333416,
            -701.6746309016042
          ],
          [
            2212.709626748773,
            -905.1597991105332
          ]
        ]
      },
      "properties": {
        "type": "road"
      }
    },
    {
      "type": "Feature",
      "geometry": {
        "type": "LineString",
        "coordinates": [
          [
            2606.4001452321827,
            -706.2677099761298
          ],
          [
            2510.8285394997065,
            -902.2154227958094
          ]
        ]
      },
      "properties": {
        "type": "road"
      }
    },
    {
      "type": "Feature",
      "geometry": {
        "type": "LineString",
        "coordinates": [
          [
            1794.831575283315,
            -890.2981151220933
          ],
          [
            1999.642316036818,
            -883.1095848373325
          ]
        ]
      },
      "properties": {
        "type": "road"
      }
    },
    {
      "type": "Feature",
      "geometry": {
        "type": "LineString",
        "coordinates": [
          [
            1999.642316036818,
            -883.1095848373325
          ],
          [
            2212.709626748773,
            -905.1597991105332
          ]
        ]
      },
      "properties": {
        "type": "road"
      }
    },
    {
      "type": "Feature",
      "geometry": {
        "type": "LineString",
        "coordinates": [
          [
            2212.709626748773,
            -905.1597991105332
          ],
          [
            2510.8285394997065,
            -902.2154227958094
          ]
        ]
      },
      "properties": {
        "type": "road"
      }
    },
    {
      "type": "Feature",
      "geometry": {
        "type": "LineString",
        "coordinates": [
          [
            2.789240304484615,
            -14.283164437891616
          ],
          [
            367.00151439158236,
            0.08105460588524949
          ]
        ]
      },
      "properties": {
        "type": "road"
      }
    },
    {
      "type": "Feature",
      "geometry": {
        "type": "LineString",
        "coordinates": [
          [
            367.00151439158236,
            0.08105460588524949
          ],
          [
            753.7829389017852,
            -11.79812820098745
          ]
        ]
      },
      "properties": {
        "type": "road"
      }
    },
    {
      "type": "Feature",
      "geometry": {
        "type": "LineString",
        "coordinates": [
          [
            753.7829389017852,
            -11.79812820098745
          ],
          [
            1169.7974324223844,
            -2.4685954608157417
          ]
        ]
      },
      "properties": {
        "type": "road"
      }
    },
    {
      "type": "Feature",
      "geometry": {
        "type": "LineString",
        "coordinates": [
          [
            1169.7974324223844,
            -2.4685954608157417
          ],
          [
            1474.6386600770782,
            -7.802353963108988
          ]
        ]
      },
      "properties": {
        "type": "road"
      }
    },
    {
      "type": "Feature",
      "geometry": {
        "type": "LineString",
        "coordinates": [
          [
            1474.6386600770782,
            -7.802353963108988
          ],
          [
            1889.4944684981679,
            21.13727617090239
          ]
        ]
      },
      "properties": {
        "type": "road"
      }
    },
    {
      "type": "Feature",
      "geometry": {
        "type": "LineString",
        "coordinates": [
          [
            1889.4944684981679,
            21.13727617090239
          ],
          [
            2107.8178113520385,
            -9.208198713725634
          ]
        ]
      },
      "properties": {
        "type": "road"
      }
    },
    {
      "type": "Feature",
      "geometry": {
        "type": "LineString",
        "coordinates": [
          [
            2107.8178113520385,
            -9.208198713725634
          ],
          [
            2438.8448074738103,
            -2.5074936702754442
          ]
        ]
      },
      "properties": {
        "type": "road"
      }
    },
    {
      "type": "Feature",
      "geometry": {
        "type": "LineString",
        "coordinates": [
          [
            2438.8448074738103,
            -2.5074936702754442
          ],
          [
            2703.2875966522656,
            16.424451797557637
          ]
        ]
      },
      "properties": {
        "type": "road"
      }
    },
    {
      "type": "Feature",
      "geometry": {
        "type": "LineString",
        "coordinates": [
          [
            2703.2875966522656,
            16.424451797557637
          ],
          [
            3102.2329799181134,
            -1.132582891433227
          ]
        ]
      },
      "properties": {
        "type": "road"
      }
    },
    {
      "type": "Feature",
      "geometry": {
        "type": "Polygon",
        "coordinates": [
          [
            [
              1911.5730298576145,
              -6.1622157661761605
            ],
            [
              1991.8017624928934,
              -17.313469495553665
            ],
            [
              1986.8456497242814,
              -52.970684000122006
            ],
            [
              1906.6169170890025,
              -41.8194302707445
            ],
            [
              1911.5730298576145,
              -6.1622157661761605
            ]
          ]
        ]
      },
      "properties": {
        "type": "house"
      }
    },
    {
      "type": "Feature",
      "geometry": {
        "type": "Polygon",
        "coordinates": [
          [
            [
              2085.5581422304913,
              -51.689435247992186
            ],
            [
              2088.9128908913854,
              -132.61993420495054
            ],
            [
              2052.943780243849,
              -134.1109336097922
            ],
            [
              2049.5890315829547,
              -53.18043465283386
            ],
            [
              2085.5581422304913,
              -51.689435247992186
            ]
          ]
        ]
      },
      "properties": {
        "type": "house"
      }
    },
    {
      "type": "Feature",
      "geometry": {
        "type": "Polygon",
        "coordinates": [
          [
            [
              2089.1733361682755,
              -138.90295816301355
            ],
            [
              2092.5280848291695,
              -219.83345711997188
            ],
            [
              2056.558974181632,
              -221.32445652481354
            ],
            [
              2053.204225520738,
              -140.3939575678552
            ],
            [
              2089.1733361682755,
              -138.90295816301355
            ]
          ]
        ]
      },
      "properties": {
        "type": "house"
      }
    },
    {
      "type": "Feature",
      "geometry": {
        "type": "Polygon",
        "coordinates": [
          [
            [
              2089.142618809036,
              -248.12467295235723
            ],
            [
              2011.6762560975737,
              -224.46114303274834
            ],
            [
              2022.1933805062888,
              -190.03164849432085
            ],
            [
              2099.659743217751,
              -213.69517841392974
            ],
            [
              2089.142618809036,
              -248.12467295235723
            ]
          ]
        ]
      },
      "properties": {
        "type": "house"
      }
    },
    {
      "type": "Feature",
      "geometry": {
        "type": "Polygon",
        "coordinates": [
          [
            [
              2005.8692545948145,
              -222.6872872714345
            ],
            [
              1928.4028918833526,
              -199.02375735182562
            ],
            [
              1938.9200162920677,
              -164.59426281339813
            ],
            [
              2016.3863790035296,
              -188.25779273300702
            ],
            [
              2005.8692545948145,
              -222.6872872714345
            ]
          ]
        ]
      },
      "properties": {
        "type": "house"
      }
    },
    {
      "type": "Feature",
      "geometry": {
        "type": "Polygon",
        "coordinates": [
          [
            [
              1893.3277857991852,
              -180.04382702212135
            ],
            [
              1901.4551308625973,
              -99.4525975847922
            ],
            [
              1937.2734550569658,
              -103.06475094630873
            ],
            [
              1929.1461099935536,
              -183.6559803836379
            ],
            [
              1893.3277857991852,
              -180.04382702212135
            ]
          ]
        ]
      },
      "properties": {
        "type": "house"
      }
    },
    {
      "type": "Feature",
      "geometry": {
        "type": "Polygon",
        "coordinates": [
          [
            [
              1988.259039891829,
              -93.87678189355759
            ],
            [
              2021.259039891829,
              -93.87678189355759
            ],
            [
              2021.259039891829,
              -60.87678189355759
            ],
            [
              1988.259039891829,
              -60.87678189355759
            ],
            [
              1988.259039891829,
              -93.87678189355759
            ]
          ]
        ]
      },
      "properties": {
        "type": "house"
      }
    },
    {
      "type": "Feature",
      "geometry": {
        "type": "Polygon",
        "coordinates": [
          [
            [
              2008.2139487166137,
              -41.75309960790261
            ],
            [
              2041.2139487166137,
              -41.75309960790261
            ],
            [
              2041.2139487166137,
              -8.753099607902612
            ],
            [
              2008.2139487166137,
              -8.753099607902612
            ],
            [
              2008.2139487166137,
              -41.75309960790261
            ]
          ]
        ]
      },
      "properties": {
        "type": "house"
      }
    },
    {
      "type": "Feature",
      "geometry": {
        "type": "Polygon",
        "coordinates": [
          [
            [
              1943.8052851253378,
              -145.1220653822941
            ],
            [
              1976.8052851253378,
              -145.1220653822941
            ],
            [
              1976.8052851253378,
              -112.1220653822941
            ],
            [
              1943.8052851253378,
              -112.1220653822941
            ],
            [
              1943.8052851253378,
              -145.1220653822941
            ]
          ]
        ]
      },
      "properties": {
        "type": "house"
      }
    },
    {
      "type": "Feature",
      "geometry": {
        "type": "Polygon",
        "coordinates": [
          [
            [
              2011.6923260897483,
              -168.43005428170704
            ],
            [
              2044.6923260897483,
              -168.43005428170704
            ],
            [
              2044.6923260897483,
              -135.43005428170704
            ],
            [
              2011.6923260897483,
              -135.43005428170704
            ],
            [
              2011.6923260897483,
              -168.43005428170704
            ]
          ]
        ]
      },
      "properties": {
        "type": "house"
      }
    },
    {
      "type": "Feature",
      "geometry": {
        "type": "Polygon",
        "coordinates": [
          [
            [
              2167.1199175892916,
              -32.01271178401993
            ],
            [
              2248.1033279951234,
              -30.373431746743037
            ],
            [
              2248.8318969005795,
              -66.36605859377939
            ],
            [
              2167.8484864947477,
              -68.00533863105628
            ],
            [
              2167.1199175892916,
              -32.01271178401993
            ]
          ]
        ]
      },
      "properties": {
        "type": "house"
      }
    },
    {
      "type": "Feature",
      "geometry": {
        "type": "Polygon",
        "coordinates": [
          [
            [
              2255.7169489059243,
              -30.219315530743685
            ],
            [
              2336.700359311756,
              -28.580035493466795
            ],
            [
              2337.428928217212,
              -64.57266234050314
            ],
            [
              2256.4455178113803,
              -66.21194237778003
            ],
            [
              2255.7169489059243,
              -30.219315530743685
            ]
          ]
        ]
      },
      "properties": {
        "type": "house"
      }
    },
    {
      "type": "Feature",
      "geometry": {
        "type": "Polygon",
        "coordinates": [
          [
            [
              2412.529318525811,
              -28.118512225469928
            ],
            [
              2405.5184589118676,
              -108.81453348719991
            ],
            [
              2369.653560573321,
              -105.69859588100284
            ],
            [
              2376.6644201872646,
              -25.002574619272863
            ],
            [
              2412.529318525811,
              -28.118512225469928
            ]
          ]
        ]
      },
      "properties": {
        "type": "house"
      }
    },
    {
      "type": "Feature",
      "geometry": {
        "type": "Polygon",
        "coordinates": [
          [
            [
              2364.8398515597564,
              -214.53155892996594
            ],
            [
              2285.0790694154775,
              -228.64600655404584
            ],
            [
              2278.8059815825527,
              -193.1967700454775
            ],
            [
              2358.5667637268316,
              -179.0823224213976
            ],
            [
              2364.8398515597564,
              -214.53155892996594
            ]
          ]
        ]
      },
      "properties": {
        "type": "house"
      }
    },
    {
      "type": "Feature",
      "geometry": {
        "type": "Polygon",
        "coordinates": [
          [
            [
              2278.1790694154774,
              -229.86702879063802
            ],
            [
              2198.4182872711986,
              -243.98147641471792
            ],
            [
              2192.1451994382737,
              -208.53223990614958
            ],
            [
              2271.9059815825526,
              -194.41779228206968
            ],
            [
              2278.1790694154774,
              -229.86702879063802
            ]
          ]
        ]
      },
      "properties": {
        "type": "house"
      }
    },
    {
      "type": "Feature",
      "geometry": {
        "type": "Polygon",
        "coordinates": [
          [
            [
              2141.4011881644465,
              -239.90191687785216
            ],
            [
              2138.0464395035524,
              -158.97141792089383
            ],
            [
              2174.01555015109,
              -157.48041851605217
            ],
            [
              2177.370298811984,
              -238.4109174730105
            ],
            [
              2141.4011881644465,
              -239.90191687785216
            ]
          ]
        ]
      },
      "properties": {
        "type": "house"
      }
    },
    {
      "type": "Feature",
      "geometry": {
        "type": "Polygon",
        "coordinates": [
          [
            [
              2137.785994226663,
              -152.6883939628308
            ],
            [
              2134.431245565769,
              -71.75789500587247
            ],
            [
              2170.4003562133057,
              -70.26689560103078
            ],
            [
              2173.7551048742,
              -151.19739455798913
            ],
            [
              2137.785994226663,
              -152.6883939628308
            ]
          ]
        ]
      },
      "properties": {
        "type": "house"
      }
    },
    {
      "type": "Feature",
      "geometry": {
        "type": "Polygon",
        "coordinates": [
          [
            [
              2285.3550104153037,
              -144.9891886485795
            ],
            [
              2318.3550104153037,
              -144.9891886485795
            ],
            [
              2318.3550104153037,
              -111.9891886485795
            ],
            [
              2285.3550104153037,
              -111.9891886485795
            ],
            [
              2285.3550104153037,
              -144.9891886485795
            ]
          ]
        ]
      },
      "properties": {
        "type": "house"
      }
    },
    {
      "type": "Feature",
      "geometry": {
        "type": "Polygon",
        "coordinates": [
          [
            [
              2195.2314475133862,
              -131.1094007865943
            ],
            [
              2228.2314475133862,
              -131.1094007865943
            ],
            [
              2228.2314475133862,
              -98.1094007865943
            ],
            [
              2195.2314475133862,
              -98.1094007865943
            ],
            [
              2195.2314475133862,
              -131.1094007865943
            ]
          ]
        ]
      },
      "properties": {
        "type": "house"
      }
    },
    {
      "type": "Feature",
      "geometry": {
        "type": "Polygon",
        "coordinates": [
          [
            [
              2369.986321623789,
              -155.80820158079115
            ],
            [
              2402.986321623789,
              -155.80820158079115
            ],
            [
              2402.986321623789,
              -122.80820158079115
            ],
            [
              2369.986321623789,
              -122.80820158079115
            ],
            [
              2369.986321623789,
              -155.80820158079115
            ]
          ]
        ]
      },
      "properties": {
        "type": "house"
      }
    },
    {
      "type": "Feature",
      "geometry": {
        "type": "Polygon",
        "coordinates": [
          [
            [
              2325.3137444078366,
              -132.8258620813597
            ],
            [
              2358.3137444078366,
              -132.8258620813597
            ],
            [
              2358.3137444078366,
              -99.8258620813597
            ],
            [
              2325.3137444078366,
              -99.8258620813597
            ],
            [
              2325.3137444078366,
              -132.8258620813597
            ]
          ]
        ]
      },
      "properties": {
        "type": "house"
      }
    },
    {
      "type": "Feature",
      "geometry": {
        "type": "Polygon",
        "coordinates": [
          [
            [
              2119.896926734722,
              -57.5715452435594
            ],
            [
              2152.896926734722,
              -57.5715452435594
            ],
            [
              2152.896926734722,
              -24.5715452435594
            ],
            [
              2119.896926734722,
              -24.5715452435594
            ],
            [
              2119.896926734722,
              -57.5715452435594
            ]
          ]
        ]
      },
      "properties": {
        "type": "house"
      }
    },
    {
      "type": "Feature",
      "geometry": {
        "type": "Polygon",
        "coordinates": [
          [
            [
              2226.1855917165735,
              -179.29585298594301
            ],
            [
              2259.1855917165735,
              -179.29585298594301
            ],
            [
              2259.1855917165735,
              -146.29585298594301
            ],
            [
              2226.1855917165735,
              -146.29585298594301
            ],
            [
              2226.1855917165735,
              -179.29585298594301
            ]
          ]
        ]
      },
      "properties": {
        "type": "house"
      }
    },
    {
      "type": "Feature",
      "geometry": {
        "type": "Polygon",
        "coordinates": [
          [
            [
              2479.494853873576,
              -23.658708200055564
            ],
            [
              2560.288070071332,
              -17.87457331031745
            ],
            [
              2562.8587966889936,
              -53.78266939820893
            ],
            [
              2482.0655804912376,
              -59.56680428794704
            ],
            [
              2479.494853873576,
              -23.658708200055564
            ]
          ]
        ]
      },
      "properties": {
        "type": "house"
      }
    },
    {
      "type": "Feature",
      "geometry": {
        "type": "Polygon",
        "coordinates": [
          [
            [
              2566.370254222437,
              -17.43913856455729
            ],
            [
              2647.163470420193,
              -11.655003674819188
            ],
            [
              2649.7341970378543,
              -47.563099762710664
            ],
            [
              2568.9409808400983,
              -53.34723465244877
            ],
            [
              2566.370254222437,
              -17.43913856455729
            ]
          ]
        ]
      },
      "properties": {
        "type": "house"
      }
    },
    {
      "type": "Feature",
      "geometry": {
        "type": "Polygon",
        "coordinates": [
          [
            [
              2680.7237714772164,
              -8.863108858925592
            ],
            [
              2685.4470469272574,
              -89.72527967459835
            ],
            [
              2649.508304342514,
              -91.82451320794998
            ],
            [
              2644.785028892473,
              -10.962342392277215
            ],
            [
              2680.7237714772164,
              -8.863108858925592
            ]
          ]
        ]
      },
      "properties": {
        "type": "house"
      }
    },
    {
      "type": "Feature",
      "geometry": {
        "type": "Polygon",
        "coordinates": [
          [
            [
              2664.566259432727,
              -179.2497703952035
            ],
            [
              2584.013982916449,
              -187.75451895381056
            ],
            [
              2580.2340946681798,
              -151.9535071687982
            ],
            [
              2660.7863711844575,
              -143.44875861019116
            ],
            [
              2664.566259432727,
              -179.2497703952035
            ]
          ]
        ]
      },
      "properties": {
        "type": "house"
      }
    },
    {
      "type": "Feature",
      "geometry": {
        "type": "Polygon",
        "coordinates": [
          [
            [
              2577.19058843716,
              -188.47493626381439
            ],
            [
              2496.638311920882,
              -196.97968482242143
            ],
            [
              2492.858423672613,
              -161.17867303740908
            ],
            [
              2573.4107001888906,
              -152.67392447880204
            ],
            [
              2577.19058843716,
              -188.47493626381439
            ]
          ]
        ]
      },
      "properties": {
        "type": "house"
      }
    },
    {
      "type": "Feature",
      "geometry": {
        "type": "Polygon",
        "coordinates": [
          [
            [
              2445.457007990899,
              -203.68421152682822
            ],
            [
              2452.4678676048425,
              -122.98819026509824
            ],
            [
              2488.332765943389,
              -126.1041278712953
            ],
            [
              2481.3219063294455,
              -206.8001491330253
            ],
            [
              2445.457007990899,
              -203.68421152682822
            ]
          ]
        ]
      },
      "properties": {
        "type": "house"
      }
    },
    {
      "type": "Feature",
      "geometry": {
        "type": "Polygon",
        "coordinates": [
          [
            [
              2437.144374197632,
              -103.13567934190615
            ],
            [
              2470.144374197632,
              -103.13567934190615
            ],
            [
              2470.144374197632,
              -70.13567934190615
            ],
            [
              2437.144374197632,
              -70.13567934190615
            ],
            [
              2437.144374197632,
              -103.13567934190615
            ]
          ]
        ]
      },
      "properties": {
        "type": "house"
      }
    },
    {
      "type": "Feature",
      "geometry": {
        "type": "Polygon",
        "coordinates": [
          [
            [
              2495.6580986362333,
              -131.0098983735033
            ],
            [
              2528.6580986362333,
              -131.0098983735033
            ],
            [
              2528.6580986362333,
              -98.00989837350329
            ],
            [
              2495.6580986362333,
              -98.00989837350329
            ],
            [
              2495.6580986362333,
              -131.0098983735033
            ]
          ]
        ]
      },
      "properties": {
        "type": "house"
      }
    },
    {
      "type": "Feature",
      "geometry": {
        "type": "Polygon",
        "coordinates": [
          [
            [
              2548.482840414631,
              -125.16000682222246
            ],
            [
              2581.482840414631,
              -125.16000682222246
            ],
            [
              2581.482840414631,
              -92.16000682222246
            ],
            [
              2548.482840414631,
              -92.16000682222246
            ],
            [
              2548.482840414631,
              -125.16000682222246
            ]
          ]
        ]
      },
      "properties": {
        "type": "house"
      }
    },
    {
      "type": "Feature",
      "geometry": {
        "type": "Polygon",
        "coordinates": [
          [
            [
              2673.058159272503,
              -166.62508116138252
            ],
            [
              2706.058159272503,
              -166.62508116138252
            ],
            [
              2706.058159272503,
              -133.62508116138252
            ],
            [
              2673.058159272503,
              -133.62508116138252
            ],
            [
              2673.058159272503,
              -166.62508116138252
            ]
          ]
        ]
      },
      "properties": {
        "type": "house"
      }
    },
    {
      "type": "Feature",
      "geometry": {
        "type": "Polygon",
        "coordinates": [
          [
            [
              2608.7641189682663,
              -99.40693067247332
            ],
            [
              2641.7641189682663,
              -99.40693067247332
            ],
            [
              2641.7641189682663,
              -66.40693067247332
            ],
            [
              2608.7641189682663,
              -66.40693067247332
            ],
            [
              2608.7641189682663,
              -99.40693067247332
            ]
          ]
        ]
      },
      "properties": {
        "type": "house"
      }
    },
    {
      "type": "Feature",
      "geometry": {
        "type": "Polygon",
        "coordinates": [
          [
            [
              1896.6620930698573,
              -239.51747033649931
            ],
            [
              1974.1284557813192,
              -263.1810002561082
            ],
            [
              1963.6113313726041,
              -297.6104947945357
            ],
            [
              1886.1449686611422,
              -273.94696487492683
            ],
            [
              1896.6620930698573,
              -239.51747033649931
            ]
          ]
        ]
      },
      "properties": {
        "type": "house"
      }
    },
    {
      "type": "Feature",
      "geometry": {
        "type": "Polygon",
        "coordinates": [
          [
            [
              1979.9354572840782,
              -264.954856017422
            ],
            [
              2057.4018199955403,
              -288.6183859370309
            ],
            [
              2046.8846955868253,
              -323.04788047545844
            ],
            [
              1969.4183328753631,
              -299.38435055584955
            ],
            [
              1979.9354572840782,
              -264.954856017422
            ]
          ]
        ]
      },
      "properties": {
        "type": "house"
      }
    },
    {
      "type": "Feature",
      "geometry": {
        "type": "Polygon",
        "coordinates": [
          [
            [
              2092.6405686926623,
              -305.8323783145405
            ],
            [
              2084.468666973505,
              -386.41910192514797
            ],
            [
              2048.652345368791,
              -382.7871456055226
            ],
            [
              2056.824247087948,
              -302.20042199491513
            ],
            [
              2092.6405686926623,
              -305.8323783145405
            ]
          ]
        ]
      },
      "properties": {
        "type": "house"
      }
    },
    {
      "type": "Feature",
      "geometry": {
        "type": "Polygon",
        "coordinates": [
          [
            [
              2064.5594972642757,
              -474.5714066441913
            ],
            [
              1984.2260635846212,
              -464.2012845023566
            ],
            [
              1988.83500675877,
              -428.49753620028804
            ],
            [
              2069.168440438424,
              -438.86765834212275
            ],
            [
              2064.5594972642757,
              -474.5714066441913
            ]
          ]
        ]
      },
      "properties": {
        "type": "house"
      }
    },
    {
      "type": "Feature",
      "geometry": {
        "type": "Polygon",
        "coordinates": [
          [
            [
              1872.3401869208747,
              -433.20007014282356
            ],
            [
              1878.8578999602219,
              -352.4627218042961
            ],
            [
              1914.7411658884562,
              -355.35948315511706
            ],
            [
              1908.223452849109,
              -436.0968314936445
            ],
            [
              1872.3401869208747,
              -433.20007014282356
            ]
          ]
        ]
      },
      "properties": {
        "type": "house"
      }
    },
    {
      "type": "Feature",
      "geometry": {
        "type": "Polygon",
        "coordinates": [
          [
            [
              1879.350307836881,
              -346.3630813287994
            ],
            [
              1885.8680208762282,
              -265.62573299027196
            ],
            [
              1921.7512868044626,
              -268.5224943410929
            ],
            [
              1915.2335737651154,
              -349.25984267962036
            ],
            [
              1879.350307836881,
              -346.3630813287994
            ]
          ]
        ]
      },
      "properties": {
        "type": "house"
      }
    },
    {
      "type": "Feature",
      "geometry": {
        "type": "Polygon",
        "coordinates": [
          [
            [
              2000.1912453388977,
              -383.7980505941996
            ],
            [
              2033.1912453388977,
              -383.7980505941996
            ],
            [
              2033.1912453388977,
              -350.7980505941996
            ],
            [
              2000.1912453388977,
              -350.7980505941996
            ],
            [
              2000.1912453388977,
              -383.7980505941996
            ]
          ]
        ]
      },
      "properties": {
        "type": "house"
      }
    },
    {
      "type": "Feature",
      "geometry": {
        "type": "Polygon",
        "coordinates": [
          [
            [
              1928.20318168218,
              -338.3523297310343
            ],
            [
              1961.20318168218,
              -338.3523297310343
            ],
            [
              1961.20318168218,
              -305.3523297310343
            ],
            [
              1928.20318168218,
              -305.3523297310343
            ],
            [
              1928.20318168218,
              -338.3523297310343
            ]
          ]
        ]
      },
      "properties": {
        "type": "house"
      }
    },
    {
      "type": "Feature",
      "geometry": {
        "type": "Polygon",
        "coordinates": [
          [
            [
              1943.35496510863,
              -390.70606500127485
            ],
            [
              1976.35496510863,
              -390.70606500127485
            ],
            [
              1976.35496510863,
              -357.70606500127485
            ],
            [
              1943.35496510863,
              -357.70606500127485
            ],
            [
              1943.35496510863,
              -390.70606500127485
            ]
          ]
        ]
      },
      "properties": {
        "type": "house"
      }
    },
    {
      "type": "Feature",
      "geometry": {
        "type": "Polygon",
        "coordinates": [
          [
            [
              1926.4313879286442,
              -444.8135646736193
            ],
            [
              1959.4313879286442,
              -444.8135646736193
            ],
            [
              1959.4313879286442,
              -411.8135646736193
            ],
            [
              1926.4313879286442,
              -411.8135646736193
            ],
            [
              1926.4313879286442,
              -444.8135646736193
            ]
          ]
        ]
      },
      "properties": {
        "type": "house"
      }
    },
    {
      "type": "Feature",
      "geometry": {
        "type": "Polygon",
        "coordinates": [
          [
            [
              2173.443186526043,
              -297.1468245641754
            ],
            [
              2253.203968670322,
              -283.03237694009556
            ],
            [
              2259.477056503247,
              -318.4816134486639
            ],
            [
              2179.716274358968,
              -332.59606107274374
            ],
            [
              2173.443186526043,
              -297.1468245641754
            ]
          ]
        ]
      },
      "properties": {
        "type": "house"
      }
    },
    {
      "type": "Feature",
      "geometry": {
        "type": "Polygon",
        "coordinates": [
          [
            [
              2260.103968670322,
              -281.8113547035033
            ],
            [
              2339.864750814601,
              -267.69690707942345
            ],
            [
              2346.1378386475258,
              -303.1461435879918
            ],
            [
              2266.377056503247,
              -317.26059121207163
            ],
            [
              2260.103968670322,
              -281.8113547035033
            ]
          ]
        ]
      },
      "properties": {
        "type": "house"
      }
    },
    {
      "type": "Feature",
      "geometry": {
        "type": "Polygon",
        "coordinates": [
          [
            [
              2392.9153855414834,
              -248.63568669827202
            ],
            [
              2384.2259455608228,
              -329.1682492603966
            ],
            [
              2348.433695533212,
              -325.3062759356586
            ],
            [
              2357.1231355138725,
              -244.77371337353406
            ],
            [
              2392.9153855414834,
              -248.63568669827202
            ]
          ]
        ]
      },
      "properties": {
        "type": "house"
      }
    },
    {
      "type": "Feature",
      "geometry": {
        "type": "Polygon",
        "coordinates": [
          [
            [
              2341.1373229268193,
              -424.29437003111985
            ],
            [
              2262.0492515975466,
              -441.78942571596787
            ],
            [
              2254.27367129317,
              -406.6391717918469
            ],
            [
              2333.3617426224428,
              -389.14411610699887
            ],
            [
              2341.1373229268193,
              -424.29437003111985
            ]
          ]
        ]
      },
      "properties": {
        "type": "house"
      }
    },
    {
      "type": "Feature",
      "geometry": {
        "type": "Polygon",
        "coordinates": [
          [
            [
              2255.149251597547,
              -443.315773269986
            ],
            [
              2176.0611802682743,
              -460.810828954834
            ],
            [
              2168.2855999638978,
              -425.660575030713
            ],
            [
              2247.3736712931704,
              -408.165519345865
            ],
            [
              2255.149251597547,
              -443.315773269986
            ]
          ]
        ]
      },
      "properties": {
        "type": "house"
      }
    },
    {
      "type": "Feature",
      "geometry": {
        "type": "Polygon",
        "coordinates": [
          [
            [
              2123.2779578153386,
              -479.4802315790607
            ],
            [
              2131.4498595344958,
              -398.89350796845326
            ],
            [
              2167.26618113921,
              -402.52546428807864
            ],
            [
              2159.0942794200528,
              -483.1121878986861
            ],
            [
              2123.2779578153386,
              -479.4802315790607
            ]
          ]
        ]
      },
      "properties": {
        "type": "house"
      }
    },
    {
      "type": "Feature",
      "geometry": {
        "type": "Polygon",
        "coordinates": [
          [
            [
              2288.7670266290475,
              -365.3958510622314
            ],
            [
              2321.7670266290475,
              -365.3958510622314
            ],
            [
              2321.7670266290475,
              -332.3958510622314
            ],
            [
              2288.7670266290475,
              -332.3958510622314
            ],
            [
              2288.7670266290475,
              -365.3958510622314
            ]
          ]
        ]
      },
      "properties": {
        "type": "house"
      }
    },
    {
      "type": "Feature",
      "geometry": {
        "type": "Polygon",
        "coordinates": [
          [
            [
              2150.473864253462,
              -386.98685489589195
            ],
            [
              2183.473864253462,
              -386.98685489589195
            ],
            [
              2183.473864253462,
              -353.98685489589195
            ],
            [
              2150.473864253462,
              -353.98685489589195
            ],
            [
              2150.473864253462,
              -386.98685489589195
            ]
          ]
        ]
      },
      "properties": {
        "type": "house"
      }
    },
    {
      "type": "Feature",
      "geometry": {
        "type": "Polygon",
        "coordinates": [
          [
            [
              2361.708564639699,
              -392.3101744693572
            ],
            [
              2394.708564639699,
              -392.3101744693572
            ],
            [
              2394.708564639699,
              -359.3101744693572
            ],
            [
              2361.708564639699,
              -359.3101744693572
            ],
            [
              2361.708564639699,
              -392.3101744693572
            ]
          ]
        ]
      },
      "properties": {
        "type": "house"
      }
    },
    {
      "type": "Feature",
      "geometry": {
        "type": "Polygon",
        "coordinates": [
          [
            [
              2125.0332645020853,
              -326.7372282863232
            ],
            [
              2158.0332645020853,
              -326.7372282863232
            ],
            [
              2158.0332645020853,
              -293.7372282863232
            ],
            [
              2125.0332645020853,
              -293.7372282863232
            ],
            [
              2125.0332645020853,
              -326.7372282863232
            ]
          ]
        ]
      },
      "properties": {
        "type": "house"
      }
    },
    {
      "type": "Feature",
      "geometry": {
        "type": "Polygon",
        "coordinates": [
          [
            [
              2201.573711715402,
              -396.0837356683189
            ],
            [
              2234.573711715402,
              -396.0837356683189
            ],
            [
              2234.573711715402,
              -363.0837356683189
            ],
            [
              2201.573711715402,
              -363.0837356683189
            ],
            [
              2201.573711715402,
              -396.0837356683189
            ]
          ]
        ]
      },
      "properties": {
        "type": "house"
      }
    },
    {
      "type": "Feature",
      "geometry": {
        "type": "Polygon",
        "coordinates": [
          [
            [
              2470.3861038395507,
              -248.01819802954552
            ],
            [
              2550.9383803558285,
              -239.51344947093847
            ],
            [
              2554.718268604098,
              -275.3144612559508
            ],
            [
              2474.16599208782,
              -283.81920981455784
            ],
            [
              2470.3861038395507,
              -248.01819802954552
            ]
          ]
        ]
      },
      "properties": {
        "type": "house"
      }
    },
    {
      "type": "Feature",
      "geometry": {
        "type": "Polygon",
        "coordinates": [
          [
            [
              2557.7617748351176,
              -238.79303216093464
            ],
            [
              2638.3140513513954,
              -230.2882836023276
            ],
            [
              2642.0939395996647,
              -266.0892953873399
            ],
            [
              2561.541663083387,
              -274.59404394594696
            ],
            [
              2557.7617748351176,
              -238.79303216093464
            ]
          ]
        ]
      },
      "properties": {
        "type": "house"
      }
    },
    {
      "type": "Feature",
      "geometry": {
        "type": "Polygon",
        "coordinates": [
          [
            [
              2688.879197078582,
              -240.6508148948313
            ],
            [
              2683.43089581525,
              -321.46737268680846
            ],
            [
              2647.512425685483,
              -319.045905458661
            ],
            [
              2652.9607269488147,
              -238.22934766668388
            ],
            [
              2688.879197078582,
              -240.6508148948313
            ]
          ]
        ]
      },
      "properties": {
        "type": "house"
      }
    },
    {
      "type": "Feature",
      "geometry": {
        "type": "Polygon",
        "coordinates": [
          [
            [
              2682.993117569672,
              -327.9610904850453
            ],
            [
              2677.54481630634,
              -408.7776482770225
            ],
            [
              2641.626346176573,
              -406.35618104887504
            ],
            [
              2647.0746474399048,
              -325.53962325689787
            ],
            [
              2682.993117569672,
              -327.9610904850453
            ]
          ]
        ]
      },
      "properties": {
        "type": "house"
      }
    },
    {
      "type": "Feature",
      "geometry": {
        "type": "Polygon",
        "coordinates": [
          [
            [
              2650.3159779842285,
              -449.2802309961862
            ],
            [
              2570.163492766526,
              -437.59352429900434
            ],
            [
              2575.3575846319404,
              -401.97019753558095
            ],
            [
              2655.510069849643,
              -413.6569042327628
            ],
            [
              2650.3159779842285,
              -449.2802309961862
            ]
          ]
        ]
      },
      "properties": {
        "type": "house"
      }
    },
    {
      "type": "Feature",
      "geometry": {
        "type": "Polygon",
        "coordinates": [
          [
            [
              2563.263492766526,
              -436.5874634639406
            ],
            [
              2483.111007548823,
              -424.9007567667587
            ],
            [
              2488.3050994142377,
              -389.2774300033353
            ],
            [
              2568.4575846319403,
              -400.9641367005172
            ],
            [
              2563.263492766526,
              -436.5874634639406
            ]
          ]
        ]
      },
      "properties": {
        "type": "house"
      }
    },
    {
      "type": "Feature",
      "geometry": {
        "type": "Polygon",
        "coordinates": [
          [
            [
              2423.0031409665175,
              -417.22606273400754
            ],
            [
              2431.692580947178,
              -336.693500171883
            ],
            [
              2467.484830974789,
              -340.55547349662095
            ],
            [
              2458.7953909941284,
              -421.0880360587455
            ],
            [
              2423.0031409665175,
              -417.22606273400754
            ]
          ]
        ]
      },
      "properties": {
        "type": "house"
      }
    },
    {
      "type": "Feature",
      "geometry": {
        "type": "Polygon",
        "coordinates": [
          [
            [
              2534.5442034276493,
              -385.1630754633439
            ],
            [
              2567.5442034276493,
              -385.1630754633439
            ],
            [
              2567.5442034276493,
              -352.1630754633439
            ],
            [
              2534.5442034276493,
              -352.1630754633439
            ],
            [
              2534.5442034276493,
              -385.1630754633439
            ]
          ]
        ]
      },
      "properties": {
        "type": "house"
      }
    },
    {
      "type": "Feature",
      "geometry": {
        "type": "Polygon",
        "coordinates": [
          [
            [
              2596.666362650665,
              -350.70419971264783
            ],
            [
              2629.666362650665,
              -350.70419971264783
            ],
            [
              2629.666362650665,
              -317.70419971264783
            ],
            [
              2596.666362650665,
              -317.70419971264783
            ],
            [
              2596.666362650665,
              -350.70419971264783
            ]
          ]
        ]
      },
      "properties": {
        "type": "house"
      }
    },
    {
      "type": "Feature",
      "geometry": {
        "type": "Polygon",
        "coordinates": [
          [
            [
              2476.93657279629,
              -381.3754055812579
            ],
            [
              2509.93657279629,
              -381.3754055812579
            ],
            [
              2509.93657279629,
              -348.3754055812579
            ],
            [
              2476.93657279629,
              -348.3754055812579
            ],
            [
              2476.93657279629,
              -381.3754055812579
            ]
          ]
        ]
      },
      "properties": {
        "type": "house"
      }
    },
    {
      "type": "Feature",
      "geometry": {
        "type": "Polygon",
        "coordinates": [
          [
            [
              2417.1221904236954,
              -281.4959902585491
            ],
            [
              2450.1221904236954,
              -281.4959902585491
            ],
            [
              2450.1221904236954,
              -248.4959902585491
            ],
            [
              2417.1221904236954,
              -248.4959902585491
            ],
            [
              2417.1221904236954,
              -281.4959902585491
            ]
          ]
        ]
      },
      "properties": {
        "type": "house"
      }
    },
    {
      "type": "Feature",
      "geometry": {
        "type": "Polygon",
        "coordinates": [
          [
            [
              2549.196270556623,
              -341.91174727458565
            ],
            [
              2582.196270556623,
              -341.91174727458565
            ],
            [
              2582.196270556623,
              -308.91174727458565
            ],
            [
              2549.196270556623,
              -308.91174727458565
            ],
            [
              2549.196270556623,
              -341.91174727458565
            ]
          ]
        ]
      },
      "properties": {
        "type": "house"
      }
    },
    {
      "type": "Feature",
      "geometry": {
        "type": "Polygon",
        "coordinates": [
          [
            [
              2452.788231408414,
              -331.65839369237284
            ],
            [
              2485.788231408414,
              -331.65839369237284
            ],
            [
              2485.788231408414,
              -298.65839369237284
            ],
            [
              2452.788231408414,
              -298.65839369237284
            ],
            [
              2452.788231408414,
              -331.65839369237284
            ]
          ]
        ]
      },
      "properties": {
        "type": "house"
      }
    },
    {
      "type": "Feature",
      "geometry": {
        "type": "Polygon",
        "coordinates": [
          [
            [
              1166.4991257089605,
              -524.5697035642305
            ],
            [
              1207.8502787690509,
              -594.2194138335559
            ],
            [
              1176.894851982684,
              -612.5977040824849
            ],
            [
              1135.5436989225936,
              -542.9479938131595
            ],
            [
              1166.4991257089605,
              -524.5697035642305
            ]
          ]
        ]
      },
      "properties": {
        "type": "house"
      }
    },
    {
      "type": "Feature",
      "geometry": {
        "type": "Polygon",
        "coordinates": [
          [
            [
              1211.1130203367825,
              -599.7150043566538
            ],
            [
              1252.4641733968729,
              -669.3647146259792
            ],
            [
              1221.508746610506,
              -687.7430048749083
            ],
            [
              1180.1575935504156,
              -618.0932946055829
            ],
            [
              1211.1130203367825,
              -599.7150043566538
            ]
          ]
        ]
      },
      "properties": {
        "type": "house"
      }
    },
    {
      "type": "Feature",
      "geometry": {
        "type": "Polygon",
        "coordinates": [
          [
            [
              1287.8574958695535,
              -690.199890671809
            ],
            [
              1206.8617912310388,
              -689.3657263531927
            ],
            [
              1207.2325309282014,
              -653.3676354027416
            ],
            [
              1288.2282355667162,
              -654.2017997213579
            ],
            [
              1287.8574958695535,
              -690.199890671809
            ]
          ]
        ]
      },
      "properties": {
        "type": "house"
      }
    },
    {
      "type": "Feature",
      "geometry": {
        "type": "Polygon",
        "coordinates": [
          [
            [
              1130.6061377108865,
              -698.8157197295835
            ],
            [
              1127.4677905938386,
              -617.8765402342802
            ],
            [
              1163.4407592584178,
              -616.48171929337
            ],
            [
              1166.5791063754657,
              -697.4208987886733
            ],
            [
              1130.6061377108865,
              -698.8157197295835
            ]
          ]
        ]
      },
      "properties": {
        "type": "house"
      }
    },
    {
      "type": "Feature",
      "geometry": {
        "type": "Polygon",
        "coordinates": [
          [
            [
              1110.7251685038782,
              -604.802465739042
            ],
            [
              1143.7251685038782,
              -604.802465739042
            ],
            [
              1143.7251685038782,
              -571.802465739042
            ],
            [
              1110.7251685038782,
              -571.802465739042
            ],
            [
              1110.7251685038782,
              -604.802465739042
            ]
          ]
        ]
      },
      "properties": {
        "type": "house"
      }
    },
    {
      "type": "Feature",
      "geometry": {
        "type": "Polygon",
        "coordinates": [
          [
            [
              1204.6244588206964,
              -508.4420795251971
            ],
            [
              1283.8264543609666,
              -525.4139357123978
            ],
            [
              1276.2834071666553,
              -560.6148226191846
            ],
            [
              1197.081411626385,
              -543.6429664319838
            ],
            [
              1204.6244588206964,
              -508.4420795251971
            ]
          ]
        ]
      },
      "properties": {
        "type": "house"
      }
    },
    {
      "type": "Feature",
      "geometry": {
        "type": "Polygon",
        "coordinates": [
          [
            [
              1290.2664543609667,
              -526.7939357123979
            ],
            [
              1369.468449901237,
              -543.7657918995986
            ],
            [
              1361.9254027069255,
              -578.9666788063854
            ],
            [
              1282.7234071666553,
              -561.9948226191847
            ],
            [
              1290.2664543609667,
              -526.7939357123979
            ]
          ]
        ]
      },
      "properties": {
        "type": "house"
      }
    },
    {
      "type": "Feature",
      "geometry": {
        "type": "Polygon",
        "coordinates": [
          [
            [
              1431.0090056673641,
              -578.877811846606
            ],
            [
              1449.9442743673787,
              -657.6334821139477
            ],
            [
              1414.94175424856,
              -666.0491570917319
            ],
            [
              1396.0064855485455,
              -587.2934868243902
            ],
            [
              1431.0090056673641,
              -578.877811846606
            ]
          ]
        ]
      },
      "properties": {
        "type": "house"
      }
    },
    {
      "type": "Feature",
      "geometry": {
        "type": "Polygon",
        "coordinates": [
          [
            [
              1451.3670159351104,
              -663.5509564080324
            ],
            [
              1470.302284635125,
              -742.3066266753741
            ],
            [
              1435.2997645163064,
              -750.7223016531583
            ],
            [
              1416.3644958162918,
              -671.9666313858166
            ],
            [
              1451.3670159351104,
              -663.5509564080324
            ]
          ]
        ]
      },
      "properties": {
        "type": "house"
      }
    },
    {
      "type": "Feature",
      "geometry": {
        "type": "Polygon",
        "coordinates": [
          [
            [
              1493.5760934704217,
              -761.6642540199057
            ],
            [
              1418.1559139640567,
              -732.1211241378555
            ],
            [
              1431.2861939116347,
              -698.6010443572488
            ],
            [
              1506.7063734179997,
              -728.144174239299
            ],
            [
              1493.5760934704217,
              -761.6642540199057
            ]
          ]
        ]
      },
      "properties": {
        "type": "house"
      }
    },
    {
      "type": "Feature",
      "geometry": {
        "type": "Polygon",
        "coordinates": [
          [
            [
              1305.8675127635995,
              -665.2905141932074
            ],
            [
              1264.5163597035091,
              -595.640803923882
            ],
            [
              1295.471786489876,
              -577.262513674953
            ],
            [
              1336.8229395499663,
              -646.9122239442784
            ],
            [
              1305.8675127635995,
              -665.2905141932074
            ]
          ]
        ]
      },
      "properties": {
        "type": "house"
      }
    },
    {
      "type": "Feature",
      "geometry": {
        "type": "Polygon",
        "coordinates": [
          [
            [
              1261.2536181357775,
              -590.145213400784
            ],
            [
              1219.9024650756871,
              -520.4955031314585
            ],
            [
              1250.857891862054,
              -502.1172128825295
            ],
            [
              1292.2090449221444,
              -571.7669231518549
            ],
            [
              1261.2536181357775,
              -590.145213400784
            ]
          ]
        ]
      },
      "properties": {
        "type": "house"
      }
    },
    {
      "type": "Feature",
      "geometry": {
        "type": "Polygon",
        "coordinates": [
          [
            [
              1347.0014962347695,
              -622.125590870113
            ],
            [
              1380.0014962347695,
              -622.125590870113
            ],
            [
              1380.0014962347695,
              -589.125590870113
            ],
            [
              1347.0014962347695,
              -589.125590870113
            ],
            [
              1347.0014962347695,
              -622.125590870113
            ]
          ]
        ]
      },
      "properties": {
        "type": "house"
      }
    },
    {
      "type": "Feature",
      "geometry": {
        "type": "Polygon",
        "coordinates": [
          [
            [
              1341.0847952371146,
              -726.8078052550487
            ],
            [
              1374.0847952371146,
              -726.8078052550487
            ],
            [
              1374.0847952371146,
              -693.8078052550487
            ],
            [
              1341.0847952371146,
              -693.8078052550487
            ],
            [
              1341.0847952371146,
              -726.8078052550487
            ]
          ]
        ]
      },
      "properties": {
        "type": "house"
      }
    },
    {
      "type": "Feature",
      "geometry": {
        "type": "Polygon",
        "coordinates": [
          [
            [
              1368.7673361695577,
              -673.5485130157883
            ],
            [
              1401.7673361695577,
              -673.5485130157883
            ],
            [
              1401.7673361695577,
              -640.5485130157883
            ],
            [
              1368.7673361695577,
              -640.5485130157883
            ],
            [
              1368.7673361695577,
              -673.5485130157883
            ]
          ]
        ]
      },
      "properties": {
        "type": "house"
      }
    },
    {
      "type": "Feature",
      "geometry": {
        "type": "Polygon",
        "coordinates": [
          [
            [
              1529.1280246331362,
              -546.1460561216581
            ],
            [
              1609.0792961376756,
              -533.1539745021705
            ],
            [
              1614.8535546352255,
              -568.6878729486325
            ],
            [
              1534.902283130686,
              -581.6799545681201
            ],
            [
              1529.1280246331362,
              -546.1460561216581
            ]
          ]
        ]
      },
      "properties": {
        "type": "house"
      }
    },
    {
      "type": "Feature",
      "geometry": {
        "type": "Polygon",
        "coordinates": [
          [
            [
              1618.2792961376756,
              -531.6589745021705
            ],
            [
              1698.230567642215,
              -518.6668928826829
            ],
            [
              1704.0048261397649,
              -554.2007913291449
            ],
            [
              1624.0535546352255,
              -567.1928729486325
            ],
            [
              1618.2792961376756,
              -531.6589745021705
            ]
          ]
        ]
      },
      "properties": {
        "type": "house"
      }
    },
    {
      "type": "Feature",
      "geometry": {
        "type": "Polygon",
        "coordinates": [
          [
            [
              1707.430567642215,
              -517.1718928826829
            ],
            [
              1787.3818391467544,
              -504.17981126319523
            ],
            [
              1793.1560976443043,
              -539.7137097096572
            ],
            [
              1713.204826139765,
              -552.7057913291449
            ],
            [
              1707.430567642215,
              -517.1718928826829
            ]
          ]
        ]
      },
      "properties": {
        "type": "house"
      }
    },
    {
      "type": "Feature",
      "geometry": {
        "type": "Polygon",
        "coordinates": [
          [
            [
              1817.4553520641189,
              -489.1554118442393
            ],
            [
              1802.9444798071931,
              -568.8450258873704
            ],
            [
              1767.5268735658015,
              -562.3957493287367
            ],
            [
              1782.0377458227272,
              -482.7061352856057
            ],
            [
              1817.4553520641189,
              -489.1554118442393
            ]
          ]
        ]
      },
      "properties": {
        "type": "house"
      }
    },
    {
      "type": "Feature",
      "geometry": {
        "type": "Polygon",
        "coordinates": [
          [
            [
              1746.5727316140997,
              -677.0496985977788
            ],
            [
              1670.756539157821,
              -705.5611868337951
            ],
            [
              1658.0847666084805,
              -671.8651012976711
            ],
            [
              1733.9009590647593,
              -643.3536130616549
            ],
            [
              1746.5727316140997,
              -677.0496985977788
            ]
          ]
        ]
      },
      "properties": {
        "type": "house"
      }
    },
    {
      "type": "Feature",
      "geometry": {
        "type": "Polygon",
        "coordinates": [
          [
            [
              1663.8565391578209,
              -708.1560054662655
            ],
            [
              1588.0403467015421,
              -736.6674937022817
            ],
            [
              1575.3685741522017,
              -702.9714081661577
            ],
            [
              1651.1847666084805,
              -674.4599199301415
            ],
            [
              1663.8565391578209,
              -708.1560054662655
            ]
          ]
        ]
      },
      "properties": {
        "type": "house"
      }
    },
    {
      "type": "Feature",
      "geometry": {
        "type": "Polygon",
        "coordinates": [
          [
            [
              1521.3576328051959,
              -749.325178562432
            ],
            [
              1502.4223641051813,
              -670.5695082950904
            ],
            [
              1537.424884224,
              -662.1538333173062
            ],
            [
              1556.3601529240145,
              -740.9095035846478
            ],
            [
              1521.3576328051959,
              -749.325178562432
            ]
          ]
        ]
      },
      "properties": {
        "type": "house"
      }
    },
    {
      "type": "Feature",
      "geometry": {
        "type": "Polygon",
        "coordinates": [
          [
            [
              1500.9996225374496,
              -664.6520340010056
            ],
            [
              1482.064353837435,
              -585.896363733664
            ],
            [
              1517.0668739562536,
              -577.4806887558798
            ],
            [
              1536.0021426562682,
              -656.2363590232214
            ],
            [
              1500.9996225374496,
              -664.6520340010056
            ]
          ]
        ]
      },
      "properties": {
        "type": "house"
      }
    },
    {
      "type": "Feature",
      "geometry": {
        "type": "Polygon",
        "coordinates": [
          [
            [
              1630.4277160532392,
              -654.1552040412165
            ],
            [
              1663.4277160532392,
              -654.1552040412165
            ],
            [
              1663.4277160532392,
              -621.1552040412165
            ],
            [
              1630.4277160532392,
              -621.1552040412165
            ],
            [
              1630.4277160532392,
              -654.1552040412165
            ]
          ]
        ]
      },
      "properties": {
        "type": "house"
      }
    },
    {
      "type": "Feature",
      "geometry": {
        "type": "Polygon",
        "coordinates": [
          [
            [
              1671.702095039653,
              -634.2090437746044
            ],
            [
              1704.702095039653,
              -634.2090437746044
            ],
            [
              1704.702095039653,
              -601.2090437746044
            ],
            [
              1671.702095039653,
              -601.2090437746044
            ],
            [
              1671.702095039653,
              -634.2090437746044
            ]
          ]
        ]
      },
      "properties": {
        "type": "house"
      }
    },
    {
      "type": "Feature",
      "geometry": {
        "type": "Polygon",
        "coordinates": [
          [
            [
              1550.4064985713624,
              -682.1549203063181
            ],
            [
              1583.4064985713624,
              -682.1549203063181
            ],
            [
              1583.4064985713624,
              -649.1549203063181
            ],
            [
              1550.4064985713624,
              -649.1549203063181
            ],
            [
              1550.4064985713624,
              -682.1549203063181
            ]
          ]
        ]
      },
      "properties": {
        "type": "house"
      }
    },
    {
      "type": "Feature",
      "geometry": {
        "type": "Polygon",
        "coordinates": [
          [
            [
              1729.5073776536947,
              -604.8273321509008
            ],
            [
              1762.5073776536947,
              -604.8273321509008
            ],
            [
              1762.5073776536947,
              -571.8273321509008
            ],
            [
              1729.5073776536947,
              -571.8273321509008
            ],
            [
              1729.5073776536947,
              -604.8273321509008
            ]
          ]
        ]
      },
      "properties": {
        "type": "house"
      }
    },
    {
      "type": "Feature",
      "geometry": {
        "type": "Polygon",
        "coordinates": [
          [
            [
              1786.5860717881956,
              -610.5203254113562
            ],
            [
              1819.5860717881956,
              -610.5203254113562
            ],
            [
              1819.5860717881956,
              -577.5203254113562
            ],
            [
              1786.5860717881956,
              -577.5203254113562
            ],
            [
              1786.5860717881956,
              -610.5203254113562
            ]
          ]
        ]
      },
      "properties": {
        "type": "house"
      }
    },
    {
      "type": "Feature",
      "geometry": {
        "type": "Polygon",
        "coordinates": [
          [
            [
              1615.5672085465203,
              -613.5147447215827
            ],
            [
              1648.5672085465203,
              -613.5147447215827
            ],
            [
              1648.5672085465203,
              -580.5147447215827
            ],
            [
              1615.5672085465203,
              -580.5147447215827
            ],
            [
              1615.5672085465203,
              -613.5147447215827
            ]
          ]
        ]
      },
      "properties": {
        "type": "house"
      }
    },
    {
      "type": "Feature",
      "geometry": {
        "type": "Polygon",
        "coordinates": [
          [
            [
              1762.5423976958311,
              -680.7267518918654
            ],
            [
              1795.5423976958311,
              -680.7267518918654
            ],
            [
              1795.5423976958311,
              -647.7267518918654
            ],
            [
              1762.5423976958311,
              -647.7267518918654
            ],
            [
              1762.5423976958311,
              -680.7267518918654
            ]
          ]
        ]
      },
      "properties": {
        "type": "house"
      }
    },
    {
      "type": "Feature",
      "geometry": {
        "type": "Polygon",
        "coordinates": [
          [
            [
              1126.3674716348214,
              -736.5392712688655
            ],
            [
              1207.3631762733362,
              -737.3734355874818
            ],
            [
              1206.9924365761735,
              -773.3715265379329
            ],
            [
              1125.9967319376588,
              -772.5373622193166
            ],
            [
              1126.3674716348214,
              -736.5392712688655
            ]
          ]
        ]
      },
      "properties": {
        "type": "house"
      }
    },
    {
      "type": "Feature",
      "geometry": {
        "type": "Polygon",
        "coordinates": [
          [
            [
              1285.1913910378248,
              -759.1223867332081
            ],
            [
              1289.0005329488981,
              -840.0327719621843
            ],
            [
              1253.0403617360198,
              -841.7257239226614
            ],
            [
              1249.2312198249465,
              -760.8153386936852
            ],
            [
              1285.1913910378248,
              -759.1223867332081
            ]
          ]
        ]
      },
      "properties": {
        "type": "house"
      }
    },
    {
      "type": "Feature",
      "geometry": {
        "type": "Polygon",
        "coordinates": [
          [
            [
              1289.3038972538243,
              -846.4765651705516
            ],
            [
              1293.1130391648976,
              -927.3869503995277
            ],
            [
              1257.1528679520193,
              -929.0799023600048
            ],
            [
              1253.343726040946,
              -848.1695171310287
            ],
            [
              1289.3038972538243,
              -846.4765651705516
            ]
          ]
        ]
      },
      "properties": {
        "type": "house"
      }
    },
    {
      "type": "Feature",
      "geometry": {
        "type": "Polygon",
        "coordinates": [
          [
            [
              1291.8088363519369,
              -967.9412311072634
            ],
            [
              1211.1259734119062,
              -960.780530876123
            ],
            [
              1214.3085068479686,
              -924.9214806805538
            ],
            [
              1294.9913697879992,
              -932.0821809116943
            ],
            [
              1291.8088363519369,
              -967.9412311072634
            ]
          ]
        ]
      },
      "properties": {
        "type": "house"
      }
    },
    {
      "type": "Feature",
      "geometry": {
        "type": "Polygon",
        "coordinates": [
          [
            [
              1111.0820326277028,
              -937.6773505762457
            ],
            [
              1118.287847226962,
              -856.9985043031296
            ],
            [
              1154.1451122372357,
              -860.2010885694671
            ],
            [
              1146.9392976379766,
              -940.8799348425831
            ],
            [
              1111.0820326277028,
              -937.6773505762457
            ]
          ]
        ]
      },
      "properties": {
        "type": "house"
      }
    },
    {
      "type": "Feature",
      "geometry": {
        "type": "Polygon",
        "coordinates": [
          [
            [
              1118.8244828052418,
              -850.990142760054
            ],
            [
              1126.030297404501,
              -770.311296486938
            ],
            [
              1161.8875624147747,
              -773.5138807532754
            ],
            [
              1154.6817478155156,
              -854.1927270263915
            ],
            [
              1118.8244828052418,
              -850.990142760054
            ]
          ]
        ]
      },
      "properties": {
        "type": "house"
      }
    },
    {
      "type": "Feature",
      "geometry": {
        "type": "Polygon",
        "coordinates": [
          [
            [
              1167.8965514094257,
              -846.3682644917218
            ],
            [
              1200.8965514094257,
              -846.3682644917218
            ],
            [
              1200.8965514094257,
              -813.3682644917218
            ],
            [
              1167.8965514094257,
              -813.3682644917218
            ],
            [
              1167.8965514094257,
              -846.3682644917218
            ]
          ]
        ]
      },
      "properties": {
        "type": "house"
      }
    },
    {
      "type": "Feature",
      "geometry": {
        "type": "Polygon",
        "coordinates": [
          [
            [
              1183.6281812854022,
              -907.0504917307393
            ],
            [
              1216.6281812854022,
              -907.0504917307393
            ],
            [
              1216.6281812854022,
              -874.0504917307393
            ],
            [
              1183.6281812854022,
              -874.0504917307393
            ],
            [
              1183.6281812854022,
              -907.0504917307393
            ]
          ]
        ]
      },
      "properties": {
        "type": "house"
      }
    },
    {
      "type": "Feature",
      "geometry": {
        "type": "Polygon",
        "coordinates": [
          [
            [
              1209.815160161811,
              -839.1052579130352
            ],
            [
              1242.815160161811,
              -839.1052579130352
            ],
            [
              1242.815160161811,
              -806.1052579130352
            ],
            [
              1209.815160161811,
              -806.1052579130352
            ],
            [
              1209.815160161811,
              -839.1052579130352
            ]
          ]
        ]
      },
      "properties": {
        "type": "house"
      }
    },
    {
      "type": "Feature",
      "geometry": {
        "type": "Polygon",
        "coordinates": [
          [
            [
              1320.6488740339532,
              -745.477454784691
            ],
            [
              1396.0690535403182,
              -775.0205846667411
            ],
            [
              1382.9387735927403,
              -808.5406644473478
            ],
            [
              1307.5185940863753,
              -778.9975345652977
            ],
            [
              1320.6488740339532,
              -745.477454784691
            ]
          ]
        ]
      },
      "properties": {
        "type": "house"
      }
    },
    {
      "type": "Feature",
      "geometry": {
        "type": "Polygon",
        "coordinates": [
          [
            [
              1485.7194614482705,
              -824.577431268674
            ],
            [
              1492.546200325367,
              -905.2892373214686
            ],
            [
              1456.674286524125,
              -908.3233434890672
            ],
            [
              1449.8475476470285,
              -827.6115374362726
            ],
            [
              1485.7194614482705,
              -824.577431268674
            ]
          ]
        ]
      },
      "properties": {
        "type": "house"
      }
    },
    {
      "type": "Feature",
      "geometry": {
        "type": "Polygon",
        "coordinates": [
          [
            [
              1508.620001841725,
              -999.5120886786468
            ],
            [
              1428.5787828802625,
              -987.0861775586053
            ],
            [
              1434.1014100447253,
              -951.5123024646219
            ],
            [
              1514.142629006188,
              -963.9382135846635
            ],
            [
              1508.620001841725,
              -999.5120886786468
            ]
          ]
        ]
      },
      "properties": {
        "type": "house"
      }
    },
    {
      "type": "Feature",
      "geometry": {
        "type": "Polygon",
        "coordinates": [
          [
            [
              1342.2233288546372,
              -949.8414715227212
            ],
            [
              1338.414186943564,
              -868.9310862937451
            ],
            [
              1374.3743581564422,
              -867.238134333268
            ],
            [
              1378.1835000675155,
              -948.1485195622441
            ],
            [
              1342.2233288546372,
              -949.8414715227212
            ]
          ]
        ]
      },
      "properties": {
        "type": "house"
      }
    },
    {
      "type": "Feature",
      "geometry": {
        "type": "Polygon",
        "coordinates": [
          [
            [
              1338.1108226386377,
              -862.4872930853778
            ],
            [
              1334.3016807275644,
              -781.5769078564017
            ],
            [
              1370.2618519404427,
              -779.8839558959246
            ],
            [
              1374.070993851516,
              -860.7943411249007
            ],
            [
              1338.1108226386377,
              -862.4872930853778
            ]
          ]
        ]
      },
      "properties": {
        "type": "house"
      }
    },
    {
      "type": "Feature",
      "geometry": {
        "type": "Polygon",
        "coordinates": [
          [
            [
              1381.1425462094455,
              -854.0531220608485
            ],
            [
              1414.1425462094455,
              -854.0531220608485
            ],
            [
              1414.1425462094455,
              -821.0531220608485
            ],
            [
              1381.1425462094455,
              -821.0531220608485
            ],
            [
              1381.1425462094455,
              -854.0531220608485
            ]
          ]
        ]
      },
      "properties": {
        "type": "house"
      }
    },
    {
      "type": "Feature",
      "geometry": {
        "type": "Polygon",
        "coordinates": [
          [
            [
              1353.2879792149045,
              -994.5247862863741
            ],
            [
              1386.2879792149045,
              -994.5247862863741
            ],
            [
              1386.2879792149045,
              -961.5247862863741
            ],
            [
              1353.2879792149045,
              -961.5247862863741
            ],
            [
              1353.2879792149045,
              -994.5247862863741
            ]
          ]
        ]
      },
      "properties": {
        "type": "house"
      }
    },
    {
      "type": "Feature",
      "geometry": {
        "type": "Polygon",
        "coordinates": [
          [
            [
              1420.0786645758321,
              -805.4160912063317
            ],
            [
              1453.0786645758321,
              -805.4160912063317
            ],
            [
              1453.0786645758321,
              -772.4160912063317
            ],
            [
              1420.0786645758321,
              -772.4160912063317
            ],
            [
              1420.0786645758321,
              -805.4160912063317
            ]
          ]
        ]
      },
      "properties": {
        "type": "house"
      }
    },
    {
      "type": "Feature",
      "geometry": {
        "type": "Polygon",
        "coordinates": [
          [
            [
              1407.4606974116155,
              -909.983113962577
            ],
            [
              1440.4606974116155,
              -909.983113962577
            ],
            [
              1440.4606974116155,
              -876.983113962577
            ],
            [
              1407.4606974116155,
              -876.983113962577
            ],
            [
              1407.4606974116155,
              -909.983113962577
            ]
          ]
        ]
      },
      "properties": {
        "type": "house"
      }
    },
    {
      "type": "Feature",
      "geometry": {
        "type": "Polygon",
        "coordinates": [
          [
            [
              1567.6522358902753,
              -795.6165814466624
            ],
            [
              1643.468428346554,
              -767.1050932106461
            ],
            [
              1656.1402008958944,
              -800.8011787467701
            ],
            [
              1580.3240084396157,
              -829.3126669827864
            ],
            [
              1567.6522358902753,
              -795.6165814466624
            ]
          ]
        ]
      },
      "properties": {
        "type": "house"
      }
    },
    {
      "type": "Feature",
      "geometry": {
        "type": "Polygon",
        "coordinates": [
          [
            [
              1650.368428346554,
              -764.5102745781758
            ],
            [
              1726.1846208028328,
              -735.9987863421595
            ],
            [
              1738.8563933521732,
              -769.6948718782835
            ],
            [
              1663.0402008958945,
              -798.2063601142997
            ],
            [
              1650.368428346554,
              -764.5102745781758
            ]
          ]
        ]
      },
      "properties": {
        "type": "house"
      }
    },
    {
      "type": "Feature",
      "geometry": {
        "type": "Polygon",
        "coordinates": [
          [
            [
              1781.8292320684898,
              -701.206438965223
            ],
            [
              1777.1087695693307,
              -782.0687740403
            ],
            [
              1741.1699539804074,
              -779.9707907073405
            ],
            [
              1745.8904164795665,
              -699.1084556322635
            ],
            [
              1781.8292320684898,
              -701.206438965223
            ]
          ]
        ]
      },
      "properties": {
        "type": "house"
      }
    },
    {
      "type": "Feature",
      "geometry": {
        "type": "Polygon",
        "coordinates": [
          [
            [
              1739.6621885351174,
              -891.4424945130487
            ],
            [
              1667.4708873449017,
              -928.1768930036127
            ],
            [
              1651.144488015762,
              -896.0918702524058
            ],
            [
              1723.3357892059776,
              -859.3574717618418
            ],
            [
              1739.6621885351174,
              -891.4424945130487
            ]
          ]
        ]
      },
      "properties": {
        "type": "house"
      }
    },
    {
      "type": "Feature",
      "geometry": {
        "type": "Polygon",
        "coordinates": [
          [
            [
              1661.3083615587377,
              -931.3126818618971
            ],
            [
              1589.117060368522,
              -968.0470803524611
            ],
            [
              1572.7906610393823,
              -935.9620576012542
            ],
            [
              1644.981962229598,
              -899.2276591106902
            ],
            [
              1661.3083615587377,
              -931.3126818618971
            ]
          ]
        ]
      },
      "properties": {
        "type": "house"
      }
    },
    {
      "type": "Feature",
      "geometry": {
        "type": "Polygon",
        "coordinates": [
          [
            [
              1548.2886938409683,
              -994.8015705938802
            ],
            [
              1541.461954963872,
              -914.0897645410856
            ],
            [
              1577.333868765114,
              -911.0556583734871
            ],
            [
              1584.1606076422104,
              -991.7674644262817
            ],
            [
              1548.2886938409683,
              -994.8015705938802
            ]
          ]
        ]
      },
      "properties": {
        "type": "house"
      }
    },
    {
      "type": "Feature",
      "geometry": {
        "type": "Polygon",
        "coordinates": [
          [
            [
              1556.5236274368926,
              -897.9721968838642
            ],
            [
              1589.5236274368926,
              -897.9721968838642
            ],
            [
              1589.5236274368926,
              -864.9721968838642
            ],
            [
              1556.5236274368926,
              -864.9721968838642
            ],
            [
              1556.5236274368926,
              -897.9721968838642
            ]
          ]
        ]
      },
      "properties": {
        "type": "house"
      }
    },
    {
      "type": "Feature",
      "geometry": {
        "type": "Polygon",
        "coordinates": [
          [
            [
              1647.7121880980335,
              -852.946134958637
            ],
            [
              1680.7121880980335,
              -852.946134958637
            ],
            [
              1680.7121880980335,
              -819.946134958637
            ],
            [
              1647.7121880980335,
              -819.946134958637
            ],
            [
              1647.7121880980335,
              -852.946134958637
            ]
          ]
        ]
      },
      "properties": {
        "type": "house"
      }
    },
    {
      "type": "Feature",
      "geometry": {
        "type": "Polygon",
        "coordinates": [
          [
            [
              1712.0517804635647,
              -845.3487784268541
            ],
            [
              1745.0517804635647,
              -845.3487784268541
            ],
            [
              1745.0517804635647,
              -812.3487784268541
            ],
            [
              1712.0517804635647,
              -812.3487784268541
            ],
            [
              1712.0517804635647,
              -845.3487784268541
            ]
          ]
        ]
      },
      "properties": {
        "type": "house"
      }
    },
    {
      "type": "Feature",
      "geometry": {
        "type": "Polygon",
        "coordinates": [
          [
            [
              1527.5028485491418,
              -822.6928357300051
            ],
            [
              1560.5028485491418,
              -822.6928357300051
            ],
            [
              1560.5028485491418,
              -789.6928357300051
            ],
            [
              1527.5028485491418,
              -789.6928357300051
            ],
            [
              1527.5028485491418,
              -822.6928357300051
            ]
          ]
        ]
      },
      "properties": {
        "type": "house"
      }
    },
    {
      "type": "Feature",
      "geometry": {
        "type": "Polygon",
        "coordinates": [
          [
            [
              1877.4716649211982,
              -498.8187995182309
            ],
            [
              1957.8050986008525,
              -509.1889216600657
            ],
            [
              1953.1961554267036,
              -544.8926699621343
            ],
            [
              1872.8627217470494,
              -534.5225478202995
            ],
            [
              1877.4716649211982,
              -498.8187995182309
            ]
          ]
        ]
      },
      "properties": {
        "type": "house"
      }
    },
    {
      "type": "Feature",
      "geometry": {
        "type": "Polygon",
        "coordinates": [
          [
            [
              2071.6134160652045,
              -512.8920692210606
            ],
            [
              2063.2471823190845,
              -593.4588498003122
            ],
            [
              2027.4397242838613,
              -589.7405236909253
            ],
            [
              2035.8059580299814,
              -509.1737431116738
            ],
            [
              2071.6134160652045,
              -512.8920692210606
            ]
          ]
        ]
      },
      "properties": {
        "type": "house"
      }
    },
    {
      "type": "Feature",
      "geometry": {
        "type": "Polygon",
        "coordinates": [
          [
            [
              2037.4919767060128,
              -654.8670515483768
            ],
            [
              1956.4928288107035,
              -655.2385892096981
            ],
            [
              1956.3277009612275,
              -619.2389679228938
            ],
            [
              2037.3268488565368,
              -618.8674302615725
            ],
            [
              2037.4919767060128,
              -654.8670515483768
            ]
          ]
        ]
      },
      "properties": {
        "type": "house"
      }
    },
    {
      "type": "Feature",
      "geometry": {
        "type": "Polygon",
        "coordinates": [
          [
            [
              1950.2503000999882,
              -655.2672232704033
            ],
            [
              1869.2511522046789,
              -655.6387609317246
            ],
            [
              1869.0860243552029,
              -619.6391396449203
            ],
            [
              1950.0851722505122,
              -619.267601983599
            ],
            [
              1950.2503000999882,
              -655.2672232704033
            ]
          ]
        ]
      },
      "properties": {
        "type": "house"
      }
    },
    {
      "type": "Feature",
      "geometry": {
        "type": "Polygon",
        "coordinates": [
          [
            [
              1834.9112864084411,
              -661.2293771530432
            ],
            [
              1849.4221586653669,
              -581.5397631099121
            ],
            [
              1884.8397649067585,
              -587.9890396685458
            ],
            [
              1870.3288926498328,
              -667.6786537116769
            ],
            [
              1834.9112864084411,
              -661.2293771530432
            ]
          ]
        ]
      },
      "properties": {
        "type": "house"
      }
    },
    {
      "type": "Feature",
      "geometry": {
        "type": "Polygon",
        "coordinates": [
          [
            [
              1931.4734775964969,
              -609.8025001106729
            ],
            [
              1964.4734775964969,
              -609.8025001106729
            ],
            [
              1964.4734775964969,
              -576.8025001106729
            ],
            [
              1931.4734775964969,
              -576.8025001106729
            ],
            [
              1931.4734775964969,
              -609.8025001106729
            ]
          ]
        ]
      },
      "properties": {
        "type": "house"
      }
    },
    {
      "type": "Feature",
      "geometry": {
        "type": "Polygon",
        "coordinates": [
          [
            [
              1962.7182141940746,
              -561.8531418910366
            ],
            [
              1995.7182141940746,
              -561.8531418910366
            ],
            [
              1995.7182141940746,
              -528.8531418910366
            ],
            [
              1962.7182141940746,
              -528.8531418910366
            ],
            [
              1962.7182141940746,
              -561.8531418910366
            ]
          ]
        ]
      },
      "properties": {
        "type": "house"
      }
    },
    {
      "type": "Feature",
      "geometry": {
        "type": "Polygon",
        "coordinates": [
          [
            [
              1858.640141600648,
              -576.6039808001087
            ],
            [
              1891.640141600648,
              -576.6039808001087
            ],
            [
              1891.640141600648,
              -543.6039808001087
            ],
            [
              1858.640141600648,
              -543.6039808001087
            ],
            [
              1858.640141600648,
              -576.6039808001087
            ]
          ]
        ]
      },
      "properties": {
        "type": "house"
      }
    },
    {
      "type": "Feature",
      "geometry": {
        "type": "Polygon",
        "coordinates": [
          [
            [
              1986.2189232542423,
              -608.1314913763732
            ],
            [
              2019.2189232542423,
              -608.1314913763732
            ],
            [
              2019.2189232542423,
              -575.1314913763732
            ],
            [
              1986.2189232542423,
              -575.1314913763732
            ],
            [
              1986.2189232542423,
              -608.1314913763732
            ]
          ]
        ]
      },
      "properties": {
        "type": "house"
      }
    },
    {
      "type": "Feature",
      "geometry": {
        "type": "Polygon",
        "coordinates": [
          [
            [
              2152.416692003383,
              -515.2016058006196
            ],
            [
              2231.504763332656,
              -497.7065501157716
            ],
            [
              2239.2803436370323,
              -532.8568040398926
            ],
            [
              2160.1922723077596,
              -550.3518597247406
            ],
            [
              2152.416692003383,
              -515.2016058006196
            ]
          ]
        ]
      },
      "properties": {
        "type": "house"
      }
    },
    {
      "type": "Feature",
      "geometry": {
        "type": "Polygon",
        "coordinates": [
          [
            [
              2238.4047633326554,
              -496.1802025617534
            ],
            [
              2317.492834661928,
              -478.68514687690543
            ],
            [
              2325.2684149663046,
              -513.8354008010265
            ],
            [
              2246.180343637032,
              -531.3304564858744
            ],
            [
              2238.4047633326554,
              -496.1802025617534
            ]
          ]
        ]
      },
      "properties": {
        "type": "house"
      }
    },
    {
      "type": "Feature",
      "geometry": {
        "type": "Polygon",
        "coordinates": [
          [
            [
              2363.858330873423,
              -471.13581480896755
            ],
            [
              2345.0654910583494,
              -549.9255931541627
            ],
            [
              2310.047811793818,
              -541.5732199030188
            ],
            [
              2328.840651608891,
              -462.7834415578236
            ],
            [
              2363.858330873423,
              -471.13581480896755
            ]
          ]
        ]
      },
      "properties": {
        "type": "house"
      }
    },
    {
      "type": "Feature",
      "geometry": {
        "type": "Polygon",
        "coordinates": [
          [
            [
              2343.6111261558185,
              -556.0230797198437
            ],
            [
              2324.818286340745,
              -634.8128580650389
            ],
            [
              2289.8006070762135,
              -626.4604848138949
            ],
            [
              2308.593446891287,
              -547.6707064686998
            ],
            [
              2343.6111261558185,
              -556.0230797198437
            ]
          ]
        ]
      },
      "properties": {
        "type": "house"
      }
    },
    {
      "type": "Feature",
      "geometry": {
        "type": "Polygon",
        "coordinates": [
          [
            [
              2299.5303986945537,
              -674.5101818747423
            ],
            [
              2218.8577136301865,
              -667.2357138869509
            ],
            [
              2222.0908105136496,
              -631.3811871916764
            ],
            [
              2302.763495578017,
              -638.6556551794679
            ],
            [
              2299.5303986945537,
              -674.5101818747423
            ]
          ]
        ]
      },
      "properties": {
        "type": "house"
      }
    },
    {
      "type": "Feature",
      "geometry": {
        "type": "Polygon",
        "coordinates": [
          [
            [
              2103.690366922305,
              -668.7164674156659
            ],
            [
              2112.0566006684253,
              -588.1496868364143
            ],
            [
              2147.8640587036484,
              -591.8680129458012
            ],
            [
              2139.4978249575283,
              -672.4347935250528
            ],
            [
              2103.690366922305,
              -668.7164674156659
            ]
          ]
        ]
      },
      "properties": {
        "type": "house"
      }
    },
    {
      "type": "Feature",
      "geometry": {
        "type": "Polygon",
        "coordinates": [
          [
            [
              2253.292398233179,
              -595.427410895913
            ],
            [
              2286.292398233179,
              -595.427410895913
            ],
            [
              2286.292398233179,
              -562.427410895913
            ],
            [
              2253.292398233179,
              -562.427410895913
            ],
            [
              2253.292398233179,
              -595.427410895913
            ]
          ]
        ]
      },
      "properties": {
        "type": "house"
      }
    },
    {
      "type": "Feature",
      "geometry": {
        "type": "Polygon",
        "coordinates": [
          [
            [
              2158.7936404332568,
              -641.9696023758704
            ],
            [
              2191.7936404332568,
              -641.9696023758704
            ],
            [
              2191.7936404332568,
              -608.9696023758704
            ],
            [
              2158.7936404332568,
              -608.9696023758704
            ],
            [
              2158.7936404332568,
              -641.9696023758704
            ]
          ]
        ]
      },
      "properties": {
        "type": "house"
      }
    },
    {
      "type": "Feature",
      "geometry": {
        "type": "Polygon",
        "coordinates": [
          [
            [
              2107.9901664126583,
              -537.326200569159
            ],
            [
              2140.9901664126583,
              -537.326200569159
            ],
            [
              2140.9901664126583,
              -504.326200569159
            ],
            [
              2107.9901664126583,
              -504.326200569159
            ],
            [
              2107.9901664126583,
              -537.326200569159
            ]
          ]
        ]
      },
      "properties": {
        "type": "house"
      }
    },
    {
      "type": "Feature",
      "geometry": {
        "type": "Polygon",
        "coordinates": [
          [
            [
              2443.238036945974,
              -467.5945831418809
            ],
            [
              2523.3905221636765,
              -479.28128983906277
            ],
            [
              2518.196430298262,
              -514.9046166024862
            ],
            [
              2438.0439450805593,
              -503.2179099053043
            ],
            [
              2443.238036945974,
              -467.5945831418809
            ]
          ]
        ]
      },
      "properties": {
        "type": "house"
      }
    },
    {
      "type": "Feature",
      "geometry": {
        "type": "Polygon",
        "coordinates": [
          [
            [
              2530.2905221636765,
              -480.2873506741265
            ],
            [
              2610.443007381379,
              -491.9740573713084
            ],
            [
              2605.2489155159647,
              -527.5973841347318
            ],
            [
              2525.096430298262,
              -515.9106774375499
            ],
            [
              2530.2905221636765,
              -480.2873506741265
            ]
          ]
        ]
      },
      "properties": {
        "type": "house"
      }
    },
    {
      "type": "Feature",
      "geometry": {
        "type": "Polygon",
        "coordinates": [
          [
            [
              2662.420605384129,
              -501.5796279006372
            ],
            [
              2632.3399415120975,
              -576.7870321971416
            ],
            [
              2598.914428491429,
              -563.4178482540167
            ],
            [
              2628.9950923634606,
              -488.2104439575122
            ],
            [
              2662.420605384129,
              -501.5796279006372
            ]
          ]
        ]
      },
      "properties": {
        "type": "house"
      }
    },
    {
      "type": "Feature",
      "geometry": {
        "type": "Polygon",
        "coordinates": [
          [
            [
              2565.4414325379234,
              -681.5748387603068
            ],
            [
              2484.452906206779,
              -680.2115329584111
            ],
            [
              2485.05881989651,
              -644.2166323667913
            ],
            [
              2566.0473462276545,
              -645.5799381686869
            ],
            [
              2565.4414325379234,
              -681.5748387603068
            ]
          ]
        ]
      },
      "properties": {
        "type": "house"
      }
    },
    {
      "type": "Feature",
      "geometry": {
        "type": "Polygon",
        "coordinates": [
          [
            [
              2478.1772091356056,
              -680.1058921396971
            ],
            [
              2397.188682804461,
              -678.7425863378014
            ],
            [
              2397.7945964941923,
              -642.7476857461816
            ],
            [
              2478.7831228253367,
              -644.1109915480772
            ],
            [
              2478.1772091356056,
              -680.1058921396971
            ]
          ]
        ]
      },
      "properties": {
        "type": "house"
      }
    },
    {
      "type": "Feature",
      "geometry": {
        "type": "Polygon",
        "coordinates": [
          [
            [
              2366.46242742502,
              -667.1053354428935
            ],
            [
              2385.2552672400934,
              -588.3155570976984
            ],
            [
              2420.272946504625,
              -596.6679303488423
            ],
            [
              2401.4801066895516,
              -675.4577086940375
            ],
            [
              2366.46242742502,
              -667.1053354428935
            ]
          ]
        ]
      },
      "properties": {
        "type": "house"
      }
    },
    {
      "type": "Feature",
      "geometry": {
        "type": "Polygon",
        "coordinates": [
          [
            [
              2386.7096321426243,
              -582.2180705320175
            ],
            [
              2405.5024719576977,
              -503.4282921868223
            ],
            [
              2440.5201512222293,
              -511.78066543796626
            ],
            [
              2421.727311407156,
              -590.5704437831614
            ],
            [
              2386.7096321426243,
              -582.2180705320175
            ]
          ]
        ]
      },
      "properties": {
        "type": "house"
      }
    },
    {
      "type": "Feature",
      "geometry": {
        "type": "Polygon",
        "coordinates": [
          [
            [
              2448.6869497172925,
              -603.3400454069708
            ],
            [
              2481.6869497172925,
              -603.3400454069708
            ],
            [
              2481.6869497172925,
              -570.3400454069708
            ],
            [
              2448.6869497172925,
              -570.3400454069708
            ],
            [
              2448.6869497172925,
              -603.3400454069708
            ]
          ]
        ]
      },
      "properties": {
        "type": "house"
      }
    },
    {
      "type": "Feature",
      "geometry": {
        "type": "Polygon",
        "coordinates": [
          [
            [
              2550.197490329979,
              -629.0769300693642
            ],
            [
              2583.197490329979,
              -629.0769300693642
            ],
            [
              2583.197490329979,
              -596.0769300693642
            ],
            [
              2550.197490329979,
              -596.0769300693642
            ],
            [
              2550.197490329979,
              -629.0769300693642
            ]
          ]
        ]
      },
      "properties": {
        "type": "house"
      }
    },
    {
      "type": "Feature",
      "geometry": {
        "type": "Polygon",
        "coordinates": [
          [
            [
              2515.0261332630243,
              -573.4939801300166
            ],
            [
              2548.0261332630243,
              -573.4939801300166
            ],
            [
              2548.0261332630243,
              -540.4939801300166
            ],
            [
              2515.0261332630243,
              -540.4939801300166
            ],
            [
              2515.0261332630243,
              -573.4939801300166
            ]
          ]
        ]
      },
      "properties": {
        "type": "house"
      }
    },
    {
      "type": "Feature",
      "geometry": {
        "type": "Polygon",
        "coordinates": [
          [
            [
              2490.6220147834983,
              -616.5372372628365
            ],
            [
              2523.6220147834983,
              -616.5372372628365
            ],
            [
              2523.6220147834983,
              -583.5372372628365
            ],
            [
              2490.6220147834983,
              -583.5372372628365
            ],
            [
              2490.6220147834983,
              -616.5372372628365
            ]
          ]
        ]
      },
      "properties": {
        "type": "house"
      }
    },
    {
      "type": "Feature",
      "geometry": {
        "type": "Polygon",
        "coordinates": [
          [
            [
              2459.383928783076,
              -563.7266531970809
            ],
            [
              2492.383928783076,
              -563.7266531970809
            ],
            [
              2492.383928783076,
              -530.7266531970809
            ],
            [
              2459.383928783076,
              -530.7266531970809
            ],
            [
              2459.383928783076,
              -563.7266531970809
            ]
          ]
        ]
      },
      "properties": {
        "type": "house"
      }
    },
    {
      "type": "Feature",
      "geometry": {
        "type": "Polygon",
        "coordinates": [
          [
            [
              2559.0850649395743,
              -581.0207607472581
            ],
            [
              2592.0850649395743,
              -581.0207607472581
            ],
            [
              2592.0850649395743,
              -548.0207607472581
            ],
            [
              2559.0850649395743,
              -548.0207607472581
            ],
            [
              2559.0850649395743,
              -581.0207607472581
            ]
          ]
        ]
      },
      "properties": {
        "type": "house"
      }
    },
    {
      "type": "Feature",
      "geometry": {
        "type": "Polygon",
        "coordinates": [
          [
            [
              1848.1472825685833,
              -703.7360679232099
            ],
            [
              1929.1464304638926,
              -703.3645302618886
            ],
            [
              1929.3115583133686,
              -739.3641515486929
            ],
            [
              1848.3124104180592,
              -739.7356892100142
            ],
            [
              1848.1472825685833,
              -703.7360679232099
            ]
          ]
        ]
      },
      "properties": {
        "type": "house"
      }
    },
    {
      "type": "Feature",
      "geometry": {
        "type": "Polygon",
        "coordinates": [
          [
            [
              1935.3889591746079,
              -703.3358962011835
            ],
            [
              2016.3881070699172,
              -702.9643585398621
            ],
            [
              2016.5532349193932,
              -738.9639798266664
            ],
            [
              1935.5540870240839,
              -739.3355174879878
            ],
            [
              1935.3889591746079,
              -703.3358962011835
            ]
          ]
        ]
      },
      "properties": {
        "type": "house"
      }
    },
    {
      "type": "Feature",
      "geometry": {
        "type": "Polygon",
        "coordinates": [
          [
            [
              2047.050679112342,
              -693.5836470097767
            ],
            [
              2017.8905216865537,
              -769.1527228206083
            ],
            [
              1984.3042657706283,
              -756.1926528535913
            ],
            [
              2013.4644231964166,
              -680.6235770427596
            ],
            [
              2047.050679112342,
              -693.5836470097767
            ]
          ]
        ]
      },
      "properties": {
        "type": "house"
      }
    },
    {
      "type": "Feature",
      "geometry": {
        "type": "Polygon",
        "coordinates": [
          [
            [
              1977.8323275583468,
              -859.8603024151521
            ],
            [
              1896.8821733791135,
              -862.7015236945274
            ],
            [
              1895.6194083660578,
              -826.7236773926461
            ],
            [
              1976.569562545291,
              -823.8824561132708
            ],
            [
              1977.8323275583468,
              -859.8603024151521
            ]
          ]
        ]
      },
      "properties": {
        "type": "house"
      }
    },
    {
      "type": "Feature",
      "geometry": {
        "type": "Polygon",
        "coordinates": [
          [
            [
              1820.1148269670127,
              -869.0157154732132
            ],
            [
              1824.8352894661718,
              -788.1533803981362
            ],
            [
              1860.774105055095,
              -790.2513637310957
            ],
            [
              1856.053642555936,
              -871.1136988061727
            ],
            [
              1820.1148269670127,
              -869.0157154732132
            ]
          ]
        ]
      },
      "properties": {
        "type": "house"
      }
    },
    {
      "type": "Feature",
      "geometry": {
        "type": "Polygon",
        "coordinates": [
          [
            [
              1886.6348461861576,
              -802.5048976113519
            ],
            [
              1919.6348461861576,
              -802.5048976113519
            ],
            [
              1919.6348461861576,
              -769.5048976113519
            ],
            [
              1886.6348461861576,
              -769.5048976113519
            ],
            [
              1886.6348461861576,
              -802.5048976113519
            ]
          ]
        ]
      },
      "properties": {
        "type": "house"
      }
    },
    {
      "type": "Feature",
      "geometry": {
        "type": "Polygon",
        "coordinates": [
          [
            [
              1948.6456655076418,
              -802.2567534287351
            ],
            [
              1981.6456655076418,
              -802.2567534287351
            ],
            [
              1981.6456655076418,
              -769.2567534287351
            ],
            [
              1948.6456655076418,
              -769.2567534287351
            ],
            [
              1948.6456655076418,
              -802.2567534287351
            ]
          ]
        ]
      },
      "properties": {
        "type": "house"
      }
    },
    {
      "type": "Feature",
      "geometry": {
        "type": "Polygon",
        "coordinates": [
          [
            [
              1841.4446734714743,
              -779.6459899014735
            ],
            [
              1874.4446734714743,
              -779.6459899014735
            ],
            [
              1874.4446734714743,
              -746.6459899014735
            ],
            [
              1841.4446734714743,
              -746.6459899014735
            ],
            [
              1841.4446734714743,
              -779.6459899014735
            ]
          ]
        ]
      },
      "properties": {
        "type": "house"
      }
    },
    {
      "type": "Feature",
      "geometry": {
        "type": "Polygon",
        "coordinates": [
          [
            [
              1992.5316554242872,
              -811.5902575670312
            ],
            [
              2025.5316554242872,
              -811.5902575670312
            ],
            [
              2025.5316554242872,
              -778.5902575670312
            ],
            [
              1992.5316554242872,
              -778.5902575670312
            ],
            [
              1992.5316554242872,
              -811.5902575670312
            ]
          ]
        ]
      },
      "properties": {
        "type": "house"
      }
    },
    {
      "type": "Feature",
      "geometry": {
        "type": "Polygon",
        "coordinates": [
          [
            [
              2112.5401276611965,
              -705.8435291821058
            ],
            [
              2193.2128127255637,
              -713.1179971698973
            ],
            [
              2189.9797158421006,
              -748.9725238651718
            ],
            [
              2109.3070307777334,
              -741.6980558773803
            ],
            [
              2112.5401276611965,
              -705.8435291821058
            ]
          ]
        ]
      },
      "properties": {
        "type": "house"
      }
    },
    {
      "type": "Feature",
      "geometry": {
        "type": "Polygon",
        "coordinates": [
          [
            [
              2297.3363517129224,
              -715.6431363752782
            ],
            [
              2255.978966101228,
              -785.2891459908018
            ],
            [
              2225.0251840498836,
              -766.9080857189375
            ],
            [
              2266.382569661578,
              -697.262076103414
            ],
            [
              2297.3363517129224,
              -715.6431363752782
            ]
          ]
        ]
      },
      "properties": {
        "type": "house"
      }
    },
    {
      "type": "Feature",
      "geometry": {
        "type": "Polygon",
        "coordinates": [
          [
            [
              2191.5448331117072,
              -878.8412882505733
            ],
            [
              2110.97513724779,
              -870.5031764501772
            ],
            [
              2114.6809647146324,
              -834.6944227328808
            ],
            [
              2195.2506605785497,
              -843.0325345332768
            ],
            [
              2191.5448331117072,
              -878.8412882505733
            ]
          ]
        ]
      },
      "properties": {
        "type": "house"
      }
    },
    {
      "type": "Feature",
      "geometry": {
        "type": "Polygon",
        "coordinates": [
          [
            [
              2031.1184124468846,
              -868.2050179827997
            ],
            [
              2060.278569872673,
              -792.635942171968
            ],
            [
              2093.864825788598,
              -805.5960121389851
            ],
            [
              2064.7046683628096,
              -881.1650879498168
            ],
            [
              2031.1184124468846,
              -868.2050179827997
            ]
          ]
        ]
      },
      "properties": {
        "type": "house"
      }
    },
    {
      "type": "Feature",
      "geometry": {
        "type": "Polygon",
        "coordinates": [
          [
            [
              2184.6558295924724,
              -813.9463877947213
            ],
            [
              2217.6558295924724,
              -813.9463877947213
            ],
            [
              2217.6558295924724,
              -780.9463877947213
            ],
            [
              2184.6558295924724,
              -780.9463877947213
            ],
            [
              2184.6558295924724,
              -813.9463877947213
            ]
          ]
        ]
      },
      "properties": {
        "type": "house"
      }
    },
    {
      "type": "Feature",
      "geometry": {
        "type": "Polygon",
        "coordinates": [
          [
            [
              2118.834125746368,
              -785.1151390477462
            ],
            [
              2151.834125746368,
              -785.1151390477462
            ],
            [
              2151.834125746368,
              -752.1151390477462
            ],
            [
              2118.834125746368,
              -752.1151390477462
            ],
            [
              2118.834125746368,
              -785.1151390477462
            ]
          ]
        ]
      },
      "properties": {
        "type": "house"
      }
    },
    {
      "type": "Feature",
      "geometry": {
        "type": "Polygon",
        "coordinates": [
          [
            [
              2053.233032052059,
              -780.5767000359834
            ],
            [
              2086.233032052059,
              -780.5767000359834
            ],
            [
              2086.233032052059,
              -747.5767000359834
            ],
            [
              2053.233032052059,
              -747.5767000359834
            ],
            [
              2053.233032052059,
              -780.5767000359834
            ]
          ]
        ]
      },
      "properties": {
        "type": "house"
      }
    },
    {
      "type": "Feature",
      "geometry": {
        "type": "Polygon",
        "coordinates": [
          [
            [
              2374.502463527601,
              -726.3675021174273
            ],
            [
              2455.4909898587453,
              -727.730807919323
            ],
            [
              2454.885076169014,
              -763.7257085109428
            ],
            [
              2373.8965498378698,
              -762.3624027090472
            ],
            [
              2374.502463527601,
              -726.3675021174273
            ]
          ]
        ]
      },
      "properties": {
        "type": "house"
      }
    },
    {
      "type": "Feature",
      "geometry": {
        "type": "Polygon",
        "coordinates": [
          [
            [
              2461.7666869299187,
              -727.836448738037
            ],
            [
              2542.755213261063,
              -729.1997545399327
            ],
            [
              2542.149299571332,
              -765.1946551315525
            ],
            [
              2461.1607732401876,
              -763.8313493296569
            ],
            [
              2461.7666869299187,
              -727.836448738037
            ]
          ]
        ]
      },
      "properties": {
        "type": "house"
      }
    },
    {
      "type": "Feature",
      "geometry": {
        "type": "Polygon",
        "coordinates": [
          [
            [
              2573.9119319852202,
              -718.129933497229
            ],
            [
              2538.4034127223317,
              -790.9320286577191
            ],
            [
              2506.046925984336,
              -775.1504645408796
            ],
            [
              2541.5554452472247,
              -702.3483693803895
            ],
            [
              2573.9119319852202,
              -718.129933497229
            ]
          ]
        ]
      },
      "properties": {
        "type": "house"
      }
    },
    {
      "type": "Feature",
      "geometry": {
        "type": "Polygon",
        "coordinates": [
          [
            [
              2461.6538656888147,
              -878.6999267471359
            ],
            [
              2380.6578159956084,
              -879.4998855558616
            ],
            [
              2380.302278747286,
              -843.50164124777
            ],
            [
              2461.2983284404922,
              -842.7016824390442
            ],
            [
              2461.6538656888147,
              -878.6999267471359
            ]
          ]
        ]
      },
      "properties": {
        "type": "house"
      }
    },
    {
      "type": "Feature",
      "geometry": {
        "type": "Polygon",
        "coordinates": [
          [
            [
              2373.801081002337,
              -879.5676062111004
            ],
            [
              2292.8050313091308,
              -880.3675650198261
            ],
            [
              2292.4494940608083,
              -844.3693207117344
            ],
            [
              2373.4455437540146,
              -843.5693619030087
            ],
            [
              2373.801081002337,
              -879.5676062111004
            ]
          ]
        ]
      },
      "properties": {
        "type": "house"
      }
    },
    {
      "type": "Feature",
      "geometry": {
        "type": "Polygon",
        "coordinates": [
          [
            [
              2248.9170258691925,
              -891.1912936368592
            ],
            [
              2290.274411480887,
              -821.5452840213356
            ],
            [
              2321.228193532231,
              -839.9263442931999
            ],
            [
              2279.8708079205367,
              -909.5723539087235
            ],
            [
              2248.9170258691925,
              -891.1912936368592
            ]
          ]
        ]
      },
      "properties": {
        "type": "house"
      }
    },
    {
      "type": "Feature",
      "geometry": {
        "type": "Polygon",
        "coordinates": [
          [
            [
              2307.8004485330653,
              -806.5050094777924
            ],
            [
              2340.8004485330653,
              -806.5050094777924
            ],
            [
              2340.8004485330653,
              -773.5050094777924
            ],
            [
              2307.8004485330653,
              -773.5050094777924
            ],
            [
              2307.8004485330653,
              -806.5050094777924
            ]
          ]
        ]
      },
      "properties": {
        "type": "house"
      }
    },
    {
      "type": "Feature",
      "geometry": {
        "type": "Polygon",
        "coordinates": [
          [
            [
              2486.6865000830776,
              -840.5598504529489
            ],
            [
              2519.6865000830776,
              -840.5598504529489
            ],
            [
              2519.6865000830776,
              -807.5598504529489
            ],
            [
              2486.6865000830776,
              -807.5598504529489
            ],
            [
              2486.6865000830776,
              -840.5598504529489
            ]
          ]
        ]
      },
      "properties": {
        "type": "house"
      }
    },
    {
      "type": "Feature",
      "geometry": {
        "type": "Polygon",
        "coordinates": [
          [
            [
              2391.2067524517033,
              -824.671732248413
            ],
            [
              2424.2067524517033,
              -824.671732248413
            ],
            [
              2424.2067524517033,
              -791.671732248413
            ],
            [
              2391.2067524517033,
              -791.671732248413
            ],
            [
              2391.2067524517033,
              -824.671732248413
            ]
          ]
        ]
      },
      "properties": {
        "type": "house"
      }
    },
    {
      "type": "Feature",
      "geometry": {
        "type": "Polygon",
        "coordinates": [
          [
            [
              2434.4997850944633,
              -819.3909170548199
            ],
            [
              2467.4997850944633,
              -819.3909170548199
            ],
            [
              2467.4997850944633,
              -786.3909170548199
            ],
            [
              2434.4997850944633,
              -786.3909170548199
            ],
            [
              2434.4997850944633,
              -819.3909170548199
            ]
          ]
        ]
      },
      "properties": {
        "type": "house"
      }
    },
    {
      "type": "Feature",
      "geometry": {
        "type": "Polygon",
        "coordinates": [
          [
            [
              1169.7974324223844,
              -2.4685954608157417
            ],
            [
              1474.6386600770782,
              -7.802353963108988
            ],
            [
              1889.4944684981679,
              21.13727617090239
            ],
            [
              1866.663192835993,
              -205.25898987673781
            ],
            [
              1845.2541547203725,
              -470.4607496809397
            ],
            [
              1445.2541547203725,
              -535.4607496809397
            ],
            [
              1165.2541547203725,
              -475.46074968093967
            ],
            [
              1100.2541547203725,
              -535.4607496809397
            ],
            [
              1169.7974324223844,
              -2.4685954608157417
            ]
          ]
        ]
      },
      "properties": {
        "type": "park"
      }
    }
  ]
}